customer_text,brand_text,conversation_id
"After four days of trying,, one of your phone staff finally checked and discovered the item was LOST on Saturday. Now I have to order again.",You can request a call back here ^KM,conv_18791
A claim and escalated. Then the same bs email about how more info is needed and the seller hasn’t received the item. Horrible customer serv.,Oh no! It sounds like you may qualify for our A-to-z Guarantee Claim. You can read more on this here: 1/2,conv_46743
It was scheduled yesterday but got updated this morning.,"I am sorry to hear about this, Fatima. What day was your order scheduled to be delivered? Has the tracking on your order been updated?^SM",conv_58420
I have already filled in your form 2 hours back and i am yet awaiting your call,"We'd like to help you out. However, being on social media, we'll not be able to access your account from here. Kindly fill in your details from the link provided earlier and we'll reach out to you with an update.^AR",conv_60652
Already have and the assistance I received was absolutely useless and rude.,"We'd like to look into this with you in real time, Bry. When you can, please ring or chat in with us: ^BL",conv_1147
Nope! Anyone had access to that delivery,Oh no! Do you have a Safe Place set for Unattended Deliveries? You can read more about this here: Let us know if we can be of further help! ^MT,conv_70556
Are you still appreciating my patience as it’s about to run out. I haven’t received any sort of communication so far. It was supposed to be a friend’s birthday gift which you’ve effectively ruined.,"We have received your details, we will get back to you at the earliest. Appreciate your patience and understanding. ^AH",conv_57290
Give me your mail id where i can forward mail regarding this query..... My email id.... __email__ and contact me on 9879103664. And please dont provide me below id its not working....,We don't intend to keep you waiting. Our team shall reach out to you at the earliest to make things right. ^CB,conv_65634
Can you please update the status? When i will be getting my money back?,"We're sorry to know you haven't received your order yet. Allow us to check this and assist, please reach out to us, here: Please don’t provide your details as we consider them to be personal info. Our Twitter page is visible to public. ^YP",conv_58508
"Continued buffering, loss of sound and it doesn't save where I leave off in programming.","What kind of problems are you having with your Fire Stick, Mildred? ^VB",conv_7563
You should have enough info to figure it out. Figure it out and email me,"My apologies for the frustrating and disappointing experience you've had, but we'd like to help if we can. Please provide your details here, with all pertinent information, and we'll be in touch: ^KN",conv_80097
So this order 407-7402036-7182732 Placed on 30th and supposed to reach me on 2nd November Now is this as per amazon prime delivery std ??,Orders placed with us are basically shipped and delivered as per the estimates shared. Kindly let us know if there was a miss. ^AB,conv_14097
"Your customer team is so corrupt and mannerless, If customer want solution on there end they simply cut the call, I want proper solution #UNINSTALLAMAZON",We've received you details and our team will get back to you with an update shortly. ^MN,conv_61549
No option to package in an amazon box or plain packaging so might be worth checking the listing as this wasn’t stated,"Some items will ship in manufacturer's packaging which may reveal the contents. You should see this information on the product page. If available, you can choose to Ship in Amazon box during checkout: Let us know if you have further concerns! ^TG",conv_69090
Yes. Apparently it was signed for when no one was in and there’s a squiggle of a signature which isn’t mine. I asked for a call from amazon where the woman hung up on me and now I’m being told by a customer service chat that I might not get my parcel!,I'm sorry to hear about this experience! This is not the level of service we strive for. Was the parcel supposed to be delivered today? ^TR,conv_87854
I shall expose you through newspaper and other media and will fight till I get proper justice,be able to provide any further insight on this. 2/2 ^SH,conv_16161
Till date no any resolution for my query.....it was my last mistake to made transaction through your wallet.....it would be never happen again.shame of your organisation that you can't clear a query in this huge time. #beware from #Amazonpay #amazon india #worst #service,"Sorry about the unpleasant experience, Irfan. We'd like to take a closer look at this and help you. Kindly share your details here: and we'll get back to you soon with an appropriate resolution. ^SY",conv_65636
Had notification of 3rd item being refunded. Nothing for remaining 2 items,"When you spoke with our support team, what options were we able to explore with you? ^WM",conv_23090
Horrible response form your team still unable to solve the Issue....can someone call me on +91 9096377143...,Sorry about the issue with EMI. Please report this to our support team here: &amp; we'll help you. ^BS,conv_23122
And this is your TR customer service 2:,We received your message. We will get back to you by tomorrow. ^BL,conv_80084
"so far, I only keep getting hollow assurances that I will not face this issue again. Don't need assurances, need the product i ordered!","If you've replied to the email sent by us, we'll check and get back to you with an update shortly. ^NR",conv_9420
I received nothing in spam and there was no message from the operator. However I received your message at 1am - 8hrs after my enquiry. I don’t understand why your operator couldn’t do this for me. Many thanks for your assistance,"I'm terribly sorry for the misinformation! ""Pass my Parcel"" is one of our main return some information about the ""Pass my Parcel"" process: If you're unable to access one of these locations, please let us know.^WT",conv_69863
アカウント凍結して不正アクセスを調べてもらうことになりました。 ありがとうございました。,アマゾンです。重ねてのご案内となりますが、カスタマーサービスにて状況を確認させていただきます。こちらからお問い合わせください。 サインインが出来ない場合は、フリーダイヤル：0120-999-373へ直接ご連絡ください。ET,conv_3554
Please don't help.u have very useless process of helping.if u want plz refund me atleast in time which is also now least expected,I'd like to help. Please write to us here: and I'll reach out to you. ^SA,conv_11395
Pic 2) Song,Here's a link to our page about music commands. Do you have Spotify Premium? Looks like it's required. ^EM,conv_20898
Era il 29 per l'ultimo ordine,"Ciao Michele, hai riscontrato un ritardo con la consegna di un ordine spedito tramite Amazon Logistics? Qual è la data di consegna prevista, indicata al momento dell'ordine? ^MZ",conv_58334
"I have tried. It’s not allowing me to access my account to cancel my membership, I haven’t even used prime in almost 3 months.",Hmm... We'd like to take a better look at this with you. Please reach us via phone/chat here: ^KP,conv_1116
"Hi there, still no response from anyone!",Hello Julianne - I'm sorry to hear the seller hasn't responded. Please reach out to us by phone or chat so we can look into our options together in real-time: ^GR,conv_56120
"And who wrote the copy in this email that notifies customers their items are late? ""Please come back (three days from now) and if you don't have it we'll help you out"" reads very flippant to a disappointed customer.","So sorry to hear about the issues! Our team would like to look into this situation with you further, can you please provide your details here so that we can reach out? ^GS",conv_61459
Merci. Non pas pour la livraison mais pour la réactivité du SAV.,"Entendu, notre SAV est joignable via Passez une bonne soirée ^KD",conv_87900
"Je n'ai pas eu le temps de le faire, donc je le ferais demain","J'en suis navrée, avez-vous fait la demande de retour depuis votre compte ? ^KE",conv_59531
Still not picked.. no refund generated.. No call received,Sorry the pick up hasn't been done. Please connect with us here: we'll check it for you. ^NR,conv_28609
急ぎ物はすぐに注文したらしく、配達してもらい「ありがとうございます。｣と伝えて欲しいとのことでした。いつもお世話になってます。,失礼いたします。注文履歴に表示されない場合、何らかの理由でご注文がキャンセルとなった可能性がございます。当サイトからそれについて説明したメールをお受け取りでないか、メッセージセンターからご確認いただくよう。お伝えいただけないでしょうか。 RI,conv_63474
"No, nothing has gone in there either. Who can help then?","We cannot check accounts here, Sam. Can I ask has our emails been directed to your spam/junk folder please?^GA",conv_52040
"I have submitted all the required details, please do the necessary else i'll have to go to consumer forum this time :(",That's strange. Let me check this out for you. Please drop your details here: (1/2) ^VM,conv_13933
it’s working now! thanks though!,"Mr robot is working, could you please tell us what went wrong and we will assist you accordingly? ^VH",conv_80284
The carrier doesn't sell free 2 day shipping as part of a membership. Amazon does.,I'm sorry! We'd love to help where we can. Please give us more details without sharing personal account information. ^LM,conv_7498
Never got the beta and now I’m being told I won’t get ANY of the other stuff. Including Last Jedi content and or bonus classes. Anything! :(,"I'm sorry for the frustration, Anthony! Can you tell me more about which pre-order bonuses are missing? ^EA",conv_1131
Sir u r making me fool.when i cant reply on that mail.everytimwe i will receive the same rpely,Kindly reply to the email you've received from our account specialist team for further assistance on this issue. (2/2) ^RI,conv_22537
What timeline should I expect for the issue to be resolved?,I'd like to work on the issue and resolve it on priority. Please share your details here: and I'll get back to you. ^SH,conv_99986
"so after wasting more than 1.5 month, now you are telling me the product is out of warranty. i had gone to iball 1.5 months back .","Thank you for letting us know, we'll get back to you soon with an update. ^BS",conv_10089
"It just arrived, safe and sound! Thank you very much for dealing with that.","We'd like to make sure that your order arrives to you safe and sound, please keep us posted on this delivery! ^FR",conv_67232
at least u r trying to help,"Thank you for reaching out to us here on social media! Without giving account info, will you let us know what's going on? ^TG",conv_37869
I received product with torn package with clear damage however small though. Proper care was not taken while delivering. And now if I replace product it will take 5-7 days atleast which I can not afford. I have no option but to keep it and suffer due to bad practise in delivery.,I'm sorry that you have received a damaged product. Please report this to our support team here: ^VH,conv_16506
Thank you for the quick reply! Have a good week!,"I'm sorry to read, that your orders were lost. Please reach out to our customer service, so we can investigate into the issue: Kind regards ^UK",conv_54605
"yes I have been through all of the steps. I will check with nighbours further down the street tomorrow, but no notification of delivery 1/2","We're here to help! Have you explored all steps to locate your parcel here: ? Let us know, please! ^JE",conv_44151
Chutiya Hai Kya tu...from yesterday u guys are delivering? Madarchod,"Request you to wait till 8:00 pm for an update on delivery. Also, as you have filled the form, you will receive an email 1/2 ^RW",conv_16633
"Ok, danke!",Lass das bitte von meinen Kollegen klären: Ich habe leider keinen Einblick in dein Kundenkonto. Gruß ^DW,conv_18784
Yes I updated it yesterday. I can add other things to the basket and I brought some bits yesterday no problem,That's odd! We'd like to help you buy your game! Have you updated your app to the latest version available? ^HM,conv_84893
Ur customer care didnt provide me a correct answer,time frame has passed and you haven't received any update or if you aren't satisfied with seller's reply then you may file 2/n ^SH,conv_12079
Yes thanks for that but that doesn't answer my question of why this product is listed as a black friday deal when it is the normal price ??,The Black Friday deals directly from Amazon can be found here: ^EP,conv_96188
"The UPS tracking says tomorrow. That is from the UPS website. Your representatives ASSURED me, in writing, that it would come today. I don't understand how they can get away with that. This experience has been awful.","Hello Ryan, we're sorry that you did not receive your package and we understand your frustration with us regarding the time frame of delivery. We would like to assist. What is the UPS tracking showing? Have you received an email from us stating a delay in delivery? ^TE",conv_67208
I’ll need to check and let you know,"Hello Lee, we're very sorry that your delivery was placed in your bin. Were the contents damaged in any way? ^TE",conv_62848
When will this soon of your arrive? Nearing end of day 3 without any real update or solution #Amazon #AmazonIndia #Flipkart,We're currently working on your issue. We'll contact you with an update soon. Request you to wait for an update. ^ZH,conv_28033
It just got delivered and the delivery man had no idea what I was talking about so I guess it was resolved but wtf weird,This is odd! Please reach out to us by phone or chat here: so we can look into this! ^KJ,conv_26319
Obrigado!,"Huor, estaremos aguardando ansiosamente! ❤ ^DA",conv_59405
I could give a today and maybe as late as tomorrow to see if it shows up. After that I will be contacting you guys again if I don't receive it.,"I'm sorry you haven't received your package, Justin! Have you tried these tips for locating missing packages scanned as delivered: ? ^TH",conv_79029
Ya I've done that already and it's still telling me I need to link my account...,"We're here to help, Eric! Have you had the chance to review these helpful tips: Please let us know if this helps! ^VB",conv_23208
"Tried sending an email via that link , it doesn't seem to send","You can contact us without logging in here: Let us know if you need anything else, Gerard! ^AD",conv_25615
Leider kam es gestern nicht und heute auch nicht... im System steht seit gestern Ankunft zw gestern und morgen beim Kauf wurde mir aber der Mittwoch garantiert...,"Ich gehe fest davon aus, dass du dein Päckchen heute noch erhalten wirst. Sollte dies wiedererwarten nicht der Fall sein, melde dich gerne bei meinen Kollegen im Service, diese prüfen und veranlassen dann alles Notwendige für dich. #fingerscrossed ^SM",conv_82032
"Así es, es vendido por Servicios comerciales Amazon México S de R.L. de C.V. Y distribuido por Amazon Logistics Mx.","Comprendemos. En este caso, el pedido se va a intentar entregar nuevamente, porque la fecha de entrega establecida no ha pasado. ¿Podrías indicarnos si este pedido es vendido y distribuido por Amazon o por un vendedor externo? ^ES",conv_95305
Où dois puis-je trouver votre SAV? c'est introuvable sur votre site...,L'avez-vous signalé à notre SAV s'il vous plaît? ^SA,conv_17216
"Hey Amazon, None received. Now what should be done ? Infact I received a mail asking about feedback on service inquiry. Isn't it tangled process ""Hello, Thank you for contacting us. We appreciate your feedback. Please use the buttons below to vote about your experience today""","You must have received a correspondence to your registered email address, request you to check and reply to the same. You can also find all the emails sent by us here: ^AR",conv_64215
"Assim que estou mesmo, doidinha para receber meus produtinhos!! 😻","Que felicidade Laís! Agora é só contar os segundos😁, no momento que receber o pedido manda uma foto bem linda para gente tá? 🤗❤️ ^AZ",conv_60473
But paying for prime is about next day delivery surely? Checkout is also saying 2nd.,"I'm sorry to hear this. We strive to offer you the best Black Friday Sales and Cyber Week Deals. At this time, deliveries may take slightly longer than usual. Please check the delivery date at checkout which provides our most accurate estimated delivery date.^GA",conv_55914
"Now 22:00 and no parcel, as mentioned above apparently it was never going to be delivered today... I need it for Saturday and I am only available at certain times to take the parcel between now and then.","I'm sorry for any concern this causes. Please keep us updated, and let us know if your parcel doesn't arrive by 22:00 today. We want to ensure you receive your parcel. ^WT",conv_54714
tonight before 800pm,I'm so sorry for the wait! What does the order confirmation say the delivery date is? ^MH,conv_46749
"All m getting is apologies but no refund.. everything is online, unable to understand the delay!!",Apologies for the bad experience. Thanks for sharing your details. We'll get in touch with you. Appreciate your patience. ^AK,conv_12680
That’s the customer care link itself which hasn’t helped at all. I was told that it would be delivered within two hours and it’s been more than 18 now.,"Sorry to know that you haven't received the order yet, Mohit. Kindly report this to our support team here: and get it checked. ^SY",conv_51916
Le Kindle Amazon n'est pas éligible ? Ou cet article ? Autant je suis d'accord 👍 pour l'huile essentielle qui passe en transit autant les autres articles sont Prime ! Parcourez de vous même le site ! 😂,"Ces articles sont éligibles uniquement à une livraison Express, il arrive que des produits ne puissent pas bénéficier de la livraison en 1 jour ouvré en raison d'un long temps de transit. Plus d'infos : ^KE",conv_91314
"""From Amazon Shipping at Wednesday, 29 November. Delay in delivery due to external factors"" External factor being courier I guess.","I am sorry to hear this. Can I ask, have you been updated via email as to why this order has been delayed? Please check your spam/junk folder because our emails may have been directed there.^GA",conv_51823
"Ma valise est prête, elle contient un short de bain, une brosse à dent, un parfum et des dolipranes pour les soirées difficiles, let’s go 🛩","Avec les fêtes de fin d'année, la bonne humeur est au RDV 😄 PS : Bahamas nous arrivons.....Peut-être 🤣",conv_56029
That transaction must have reversed.. to them only,Sorry that the issue is still pending. May I know if you've contacted your bank &amp; filed a charge dispute? ^EM,conv_16589
3-5 working days,Sorry to hear this. Have you been given a time frame on the investigation? ^RS,conv_82079
"I fill all the details in 2 time, i just checked in social media and i amazed how many people is suffering from your so-called customer centric company #UNINSTALLAMAZON",Request you to fill in your details as requested in the link so that we can access your account by visiting the link shared earlier. ^RB,conv_61547
,"Hi, sorry to hear that, can you send us a link to the item you're referring to? ^JJ",conv_28535
I will do that. Thank you. I love amazon and use it all the time.,"I'm so sorry for the delay with your package! We want your order delivered. Please reach out to us if you don't receive your order by Thursday-November 30, 2017. ^MO",conv_92527
It is truly unfortunate that you’re unable to view my communications within your company utilizing my email address,"James, I'm so sorry, but we can't view orders or accounts from Twitter. Without giving any sensitive account information, would you mind telling us what's going on? ^VF",conv_84126
I have inked in detail at the given URL...hope to see some useful action,"We'd like to investigate this, please share your details here: with detailed info. ^HA",conv_11423
R u fooling me how many quiz contest ur conducted just on one plus 5t?,Could you please help us with the name of the contest you are referring to? ^VH,conv_58484
"I have 3 packages, 2 of which has shipped since Nov 12th, and 1 shipped since Nov 16","To clarify, has the order officially shipped or is your package still at our fulfillment center? ^ST",conv_34462
,I'm so sorry for the difficulty! Please call or chat with us using the link provided here: ^MH,conv_80222
"How long does this usually take on average as I need it by Xmas, If I cancel before it's shipped do I get my money back?","I'm sorry for the trouble! The information provided in the confirmation e-mail is the most correct. When we have an update, we'll let you know through e-mail. ^LR",conv_99929
Delivery is estimated for the 7th but Dodies book is out tomorrow.,Sorry for the trouble! We're here to help! Could you tell us what the current tracking indicates?: ^VB,conv_46697
"Thanks RB. IPlayer and Netflix all working ok, only Amazon. Have restarted router ofc","Hi, Alyzande! Please visit us here for some troubleshooting information: ^RB",conv_80270
"É amanhã! Só que o rastreamento não atualiza desde domingo, não chegou nem em Porto Alegre ainda 😬😬",Oi Michele! Você poderia nos informar a data estimada de entrega do seu pedido? ^NP,conv_80263
I am uncomfortable giving out that info in a public forum - feel free to PM me.,What is the tracking status for the delivery? Packages can be delivered until 8Pm. ^DD,conv_76707
"Si y me dicen que me ponga en contacto con vosotros, os doy el numero de pedido o algun dato?","Buenas Asier, lamentamos el inconveniente. ¿Has podido entrar en contacto por teléfono con el transportista encargado de realizar la entrega para verificar la información? ^DA",conv_59463
Really? Right ok how long for a refund,"I know this can be frustrating. After you have canceled the membership, it will automatically process a refund. ^AL",conv_21633
Now plz reach me soon and call me refund my money,I understand your concern. Kindly share your details here: we'll reach out to you soon. 1/2^AP,conv_22543
"I reply two time this email , As usual there is no response #UNINSTALLAMAZON",I would request you to please revert to the email correspondence from our team here: and we'll be glad to help you. ^SI,conv_61564
"I did but while waiting for response can someone Please look into this. Tried calling kindergarten support and barely understood the CSR, which was extremely frustrating.",Oh no! Please contact us here: so we can look into this issue for you. ^AD,conv_28531
Inconimg option not availble on the mail id,Please reply to their email with all the details. 2/2^MS,conv_22534
"oui. Sur la page en question, option contacter le vendeur (x2)",Avez-vous déposé une réclamation au titre de la Garantie A à Z? ^SB,conv_26768
Are you serious? I've just said i had a amazon firestick but the content won't play on it. I also have prime video app on my mobile but cant,You can see all compatible Amazon Video devices here: ^AF,conv_48686
Done,"In that case, please fill in form once again here: and let us know. We'll check and reach out to you. ^VN",conv_19223
thanks for prompt response,Please don’t provide your order details as it is personal information. Our Twitter page is visible to the public. ^MS,conv_23491
"Because I selected to have it shipped in an Amazon box, it is flagged as a gift, which is not eligible for feedback",We're always looking to improve! Please submit your packaging feedback here: ^TN,conv_51171
"10% cashback on debit card payment while COD , i did two times got nothing yet",We apologize for the hassle sorrounding the cashback. Could you please help us with the name of the cashback and we'll assist you accordingly. ^VH,conv_70601
The link provided is not working and opening twitter. Please provide the link so that I can copy paste the information again for your DUMB supprt #AmazonFails #AmazonFraud #AmazonPay,"Apologies for the delay with the addition of Pay Balance, Ritesh. I checked your details but I'm unable to find the form shared by you. In that case, kindly refill your details which was provided here: and we'll get this sorted for you. ^PB",conv_56137
The home listening on my phone. I pay the $3 a month for unlimited i believe?,"Great question! Just to clarify, are you speaking of Prime Music or Amazon Music Unlimited? ^AC",conv_35117
Necesito un telefono de oficinas.,Con gusto Maria. Puedes contactarnos por este enlace: ^JJ,conv_77660
. after 2 months i got an answer. A $20 credit and told to re-order. The original order had $90 in discounts. Fix it,I can confirm we have received your info and are looking into this situation. We will contact you soon w/ more info. ^MW,conv_22056
"Dia 5 (terça que vem se eu não me engano) mas eu espero que não fique uma semana lá, né? 😃","Olá Daniel, qual é a data estimada de entrega do seu Kindle? 😍📦 ^DA",conv_73861
"C'est sur le compte à mon père, mais hier soir quand on a regardé ils mettaient que le colis avait été livré à un client","Bonjour Marie, je suis sincèrement désolée pour le désagrément causé par cet incident. Pouvez-vous m'indiquer que dit votre suivi de colis s'il vous plaît ? ^SB",conv_72388
Yes.,Did information get sent to our Accounts Specialists to look into when you contacted in? ^DO,conv_3872
John from your team had requested 24-48 hours for resolution. Instead I received a generic email saying look forward to hearing from you soon. Could u pls help me understand the meaning of the email.,"Thanks for the update, we will reach out to you soon. ^MJ",conv_59433
That it’s ’s fault and that Amazon won’t fix it because “it’s not our fault.”,I'm sorry your order is arriving later than expected. What information did we provide when you spoke with us? Have you been given an updated delivery date? ^RA,conv_69048
Amazon Id __email__ I have added ₹460 and make a Jio recharge 399. As per your offer 101 cashback+ 20% on first top-up.I didn't,We're sorry to hear that. Could you please tell us what went wrong so we could check? ^HK,conv_19272
Will do when I’m home again,We'd like to get more information if possible. Please click the link to contact us: Thanks. ^EM,conv_24720
"Had a bit of a spat with you last week about treating customers differently, then I wait in all day today and your amazon man shows up and doesn’t deliver. Customer “service” then tell me I need to wait in all day everyday until the 5th. Disgraceful.","I'm sorry to hear we've disappointed you. Without posting personal account information, can you tell us what's going on? ^KP",conv_54388
"Since lollipop android is based on material design, so maybe using a material theme would be nice. Hint: use AppCompat theme",Hi! What would you like to edit? ^GD,conv_42249
"yes, yesterday itself",Could you please confirm if you have provided your details through the link given below? ^VH,conv_33483
É o livro Os arquivos secretos do homem morcego. Simplesmente magnífico,"Que notícia boa, Luiz! Fiquei curioso... O que contém esse pacote? 🤔 ^CR",conv_9444
Il c’est perdu ou pas ?,Merci de vous rapprocher de notre service client via Ce dernier effectuera les vérifications nécessaires concernant cette livraison ^KD,conv_86384
I’ve checked. There’s nothing there. I’m very alarmed that Hub website won’t allow more than 10 characters in the login box,Can you check your spam or junk folders? You should have received the code via email.^PJ,conv_58406
Still no news !!!!,"When you get to the page that ^LA posted, click on skip sign in. This will allow you to give us the details we need to look into this for you. ^DG",conv_98032
Nothing there helped me with the Echo Show,"Oh no, I'm sorry for the issues! For troubleshooting, please check out our Echo Help pages here: ^SG",conv_347
I am pretty certain your frontline customer service reps are just providing stock answers and responses and providing assurances that a problem is taken care of to make their quotas or incentive levels and leaving the fallout to your escalation tier. They just need to be honest.,"I'm very sorry for the recent delivery issues. Without sharing personal or account details, will you let us know what information or options were we able to provide when you contacted us about this? ^CL",conv_41510
STILL NO UPDATE ON CASH UPLOAD. HOW MUCH TIME IS REQUIRED TO INVESTIGATE A SIMPLE FRAUD CASE OF CASH UPLOAD? I HAVE GIVEN ANOUGH WARNINGS ... ITS NOT LONG B4 I FILE FIR FOR FRAUD AND GO TO CONSUMER COURT. #AmazonFails #AmazonPayQuiz #AmazonPay #AmazonFraud,We are working on it. We will reach out to soon with an update. Appreciate your patience. ^RW,conv_55980
It was a gift so I didn't order it myself. Is there another way? Registration date?,If you ordered it from us you should be able to search your order history here:,conv_93256
"Aww, haha. Danke. :D",Aber Make Up hast du doch gar nicht nötig ;) ^AN,conv_38631
Yes I have replied,I understand your disappointment. We'd like to help. May I know if you replied the correspondence from the accounts team? ^BS,conv_32530
it has shipped already VIA UPS GROUND not via 1 day shipping #Fraud,One-Day Shipping refers to transit time once the item ships! You can learn more about shipping here: ^ME,conv_39578
"Hola, no. Que tengo que hacer? Gracias","Hola Miquel, lamento las molestias. ¿Reportaste la situación con nuestro Soporte al Cliente? ^LG",conv_48676
C10054921473,"Afin d'effectuer une réclamation sur les circonstances de cette livraison, merci de nous transmettre votre numéro de suivi. ^KD",conv_80214
No any solution provide from your side and I am unable to contact with Amazon care because our call is blocked by Amazon..,"Sorry about the stretch, Kaushal. Please reply to the email sent to you. Once we receive your reply, we'll check &amp; assist.^SV",conv_15650
"Muchas gracias, ya está solucionado! Esta tarde lo tengo en casa! 🤗👍",¡Hola Carolina! Lamento mucho el inconveniente. En este caso por favor entrar en contacto con nuestro servicio al cliente para que te puedan ayudar con la entrega de tu pedido: ^NP,conv_61628
Yes I am online chat with Preeti from . She is very unhelpful and refuses to help other than getting the parcels delivered tomorrow which is not good enough as I am off today.,"Apologies for the trouble caused. It's possible that the carrier may have been in the wrong area, did you contact us regarding this issue? If so, what was advised.^CN",conv_61633
,"Oje, da ist wohl etwas schief gegangen. Melde dich doch bitte hier: und die Kollegen prüfen, was da los ist. ^DW",conv_56040
"Entiendo que pueda estar sobrecargado pero no admito la falta de consideración ni la mentira, si no lo recibimos hoy, mañana mi hija sale de viaje, le diré que lo devuelva","Entiendo, de no recibir el pedido el día de hoy te recomiendo entrar en contacto con Servicio al Cliente directamente: ^KS",conv_77507
Did you guys do anything?,"to the payment page that you have in your 2nd screenshot? We want to help in the best way possible, so pls let us know! ^KN 2/2",conv_13425
See DELIVERY DATE PENDING is the status from last week still it's not updated,I get your disappointment. Request you to reply to the email sent by our social media team and we will respond on the same. ^GK,conv_17498
In the last four days U people are not able to arrange the pick up??? Is there any time limit for this to solve the issue???,"We're working on it, Saurabh. We'll get in touch with you soon. ^JC",conv_14588
"I just noticed ""by 8PM"" do I guess I should at least wait for then to start complaining... 😂... but if it isn't here at 8:01, I'm going to be ringing your doorbell again...","I'm so sorry for the trouble tracking and receiving your order. Just to confirm, was your order placed on Amazon.ca, or another Amazon website? ^JN",conv_97446
Does your policy varies place to place and person to person?,We only have a replacement only policy for damaged or defective mobile phones. 1/2 ^SB,conv_19255
"Kindle oasis. I return items on it, and on my account from my laptop, but the device still shows them as borrowed.",Sorry for the trouble. Will you pls tell us more about how Kindle Unlimited isn't working? What device are you using? ^CO,conv_33451
will someone please get this sorted today? I’ve now had 12 automated emails but absolutely no resolution? I am beyond belief?!?,"Hi Sarah, have you received an email from our account specialist? Please check spam &amp; junk folders. ^KK",conv_53732
"This isn’t good enough.I never expected you not to use additional packing, have ordered before especially round Xmas and never happened before. Really disappointed. I feel I must go and buy another present for my grandson birthday tomorrow. Ashamed to give this","Apologizes for any frustration caused Olive. Not all items are shipped with additional packaging, it explains this further here: ^NV",conv_57391
"No new mail received till now, previously you said you're working on it and need some time",We've sent the correspondence to your registered email address. Request you to check the email and reply to it with your insight for further assistance. ^PR,conv_59648
会員になるかレンタルするか、 どちらがお得ですか？,こちらの作品の視聴についてでしょうか。Amazonプライム会員ではない場合はレンタルでのご利用となります。 SK,conv_98729
Okay👍,"When you sign up for a Prime free trial, we send an authorization to your bank. Here's more info: ^JP",conv_13460
Was soll ich denn da auswählen? Es gibt keinen Menüpunkt für Beschwerden!,"Hi, gerne kannst du das über folgenden Link reklamieren: Gruß ^MI",conv_29688
Und wann OmU? ;) hier ist nämlich nur bis 4 aufgeführt,"Hi, Folge (in OV) ist bereits verfügbar, schau mal hier: Gruß ^MI",conv_50275
It has essentially looked like this every day since Monday...,I'm sorry your order has yet to arrive! What does the most recent tracking update from the carrier show here: ^BN,conv_64037
"All of the above. If things are not going to arrive by the guaranteed delivery date, then maybe it shouldn't be ""guaranteed"".",I'm so sorry to hear you are not getting packages within 2-days! Are the packages not arriving 2 days after your purchase or not arriving 2 days after they have been shipped out? ^AV,conv_67129
let me know please. My Prime has been disrupted because of a delay by you.,Thanks for confirming. We'd like to look into it. Write to us here: and we'll contact you soon. ^MO,conv_30320
Just received call from some Amazon delivery supervisor to understand issue. He tells that this issue is reported to him today. WHAT WAS AMAZON CUSTOMER CARE DOING FOR PAST 15 DAYS? SLEEPING? #AmazonFails #AmazonFraud #AmazonPayQuiz #AmazonPay,"We're extremely sorry for the hassle. Please fill this form: and we'll have a closer look at your concern. Once you do the needful, our team will get back to you with an update soon.^AR",conv_55968
Chronopost,Quel est le transporteur de votre colis s'il vous plaît ? ^MA,conv_68981
"Even after your team's promise, I have not received my cashback of INR1500 before deadline given by them.","I get your concern, Abhilash. Cash back shall be processed as per the timelines shared with you. Rest assured. ^SV",conv_13922
Yes i did,I get your concern. Could you please confirm if you've shared the details in the link provided to you earlier? ^SU,conv_60482
Amazon UK,"Oh no! I'm so sorry for any inconvenience that may have caused. Just to confirm, which Amazon site did you use to place your order ( Amazon.es, etc.)? We'd like to help in any way we can! ^BL",conv_30080
Oui il s'agit du colis prévu mardi. Le problème est que je ne peux pas changer le créneau et je ne vois pas pourquoi je devrais en plus perdre une heure a aller le récupérer au entre chronopost de Strasbourg,"La livraison qui vous a été confirmée pour aujourd'hui, concerne le même article ? ^AR",conv_64103
"On one order yes, but generally things are soooo slow lately. Especially when they go via surepost",I'm sorry for the poor experience! Have we missed the delivery date provided in your order confirmation e-mail? ^ZW,conv_72302
I've returned several things lately and don't want Amazon to think I'm abusing the return policy.,"I'm sorry about the damage, Raymond! Have you explored options for refund/replacement here: ^SH",conv_6653
"I hadn't set up a safe place, but based on the fact the driver didn't even knock my door, I don't really have faith than the safe place would even get used. Thanks anyway. I've cancelled my Prime trial. I'll try my neighbour again later.",I am sorry for the poor delivery experience. We are here to help! Have you been able to set up a safe place for packages to be left If you're not in: Please reach out to us here: so we can look into this. ^SC,conv_61684
Kindly share my contact number 9800019281 to ur team to contact me,Please connect with our support team here: for further assistance on it. ^RW,conv_13042
ありがとうございます！ 月間でも見放題ですか？,該当作品は、第一話レンタル HD高画質 250円、SD標準画質 200円です。次のエピソードもレンタルしてご覧になる場合はその都度かかります。プライム会費は、月間プラン400円、年間プラン3900円で見放題です。 お客様にとってお得なほうをご検討ください。 RI,conv_98731
QUAAAARTA! Mas estou enviando energias positivas para chegar na TERÇA. HAHAHAHAHA’,Qual é a data de entrega do seu pedido? Você deve estar muito ansioso! Rs rs rs 😂📚❤️ ^JJ,conv_99253
But your website is offering pre order content.... so it’s just a lie?,Thanks for the link. We are not a participating retailer to receive the bonus content. Details: ^BE,conv_1137
"I already did that. It says one day and when I bought it with 1 day, it gave it 12/4. If I look at the item now, it says 2days gets it to me 12/2?! - I work in logistics. I understand shipping and this is frustrating. May cancel my order.","I understand your frustration! Not all shipping speeds are available for all items and all addresses. To see the most accurate Prime shipping information as you shop, make sure to set up a default address for your account. Learn more here: ^SC",conv_80193
I don’t see it,"Thanks for that information, Travis. Could you please let us know who the carrier was for this order? You can find that information here: ^RB",conv_64019
What about the form I filled earlier? What was that for? I was asked to wait for 2 more days after that. GIVE ME MY MONEY. #AmazonFails #AmazonFraud #AmazonPay,We will not be able to offer any insight till we receive the details via form offered earlier. Appreciate your understanding. ^RW,conv_51940
it means i have to be here in office for 9pm?? is your EOD is 9pm??,"I understand that you're concerned about the delivery of your order. Be assured that the order will be delivered to you by 9 PM today. Also, please don't provide your order details, we consider it to be personal information. Our page is visible to the public. ^BV",conv_65754
"The agent is advising I continue to wait. I understand that, but it’s pretty common that my orders are marked delivered when they never were. Delivery is very unreliable!",I'm so sorry for the poor experience! What is being advised by the agent? We'd be happy to try to help in any way we can. ^WJ,conv_30952
"Extremely inconvienant service, too be honest. I logged in&amp;had to verify my acc (as I'm travelling &amp; on a diff IP address) to then be locked out. Thank GOD for",We aren't able to view account information via Twitter. Please wait for our Accounts Specialists' correspondence and check the spam/junk folder of your e-mail account as messages may be filtered to there. ^DO,conv_91394
"""Aufgrund eines generellen Lieferengpasses auf Herstellerseite kann es zu Verzögerungen bei Ihrer Bestellung kommen. [...] Sollte es zu Verzögerungen kommen, informieren wir Sie automatisch per E-Mail."" Gab wohl nur keine Mail, bzw Aktualisierung des Lieferdatums.","Du weißt doch das Zauberer Ihre Tricks nicht verraten 😉 Spaß beiseite, melde dich bitte mal bei uns, dann sehen wir nach: Viele Grüße ^TR",conv_79045
Always helpful! This is why I continue to shop with you guys.,"It's not uncommon for items to ship the same day they're delivered. However, if you haven't received your items by 8:00PM tonight, please contact us by phone or chat here: ^AC",conv_84048
Excelente servicio! Recibí mis paquetes hace un par de minutos!,"Gracias por la información, Quirino. Por favor, contacta con nuestros colegas de Servicio al Cliente para una atención personalizada y puedan darte información precisa sobre tu paquete. Lo puedes hacer a través del siguiente enlace: ^LC",conv_3651
"As per your mail someone was supposed to collect the order today for replacement but nobody came, are you people serious about service or nt",Thanks for sharing your details with us. We'll help you in getting this issue resolved. Request you to wait. ^KH,conv_19225
I rather not take prime then and use the normal service as I don’t see any diff or advantages,internally to work on it. Please don’t provide your order/account details as we consider them to be personal information. 2/3 ^SB,conv_14100
I contacted through amazon chat and the person told me since it was sent to a locker they couldn’t help me. I cancelled Prime and am disputing the charge for the lost item with my credit card company. The email said the item was lost or damaged,Sorry to hear it Brian. Has a replacement or refund been issued? What did the email advise? ^NV,conv_57422
"Ich hab euch mal gemailed :) Laut Tracking Nr ist das Paket bei einem Nachbarn (im selben Haus) gelandet, welchen ich nicht finden kann.","Hi, bitte informiere die Kollegen darüber: Diese überprüfen gerne, wo dein Paket abgeblieben ist. ^SI",conv_35068
This is BS. Amazon seem to have unilaterally downgraded prime delivery benefits for Black Friday. Everything says 27th for me. Even items I bought one month ago on a Saturday and were delivered Sunday. Now they need four days! Shame on you Amazon!,One-Day delivery refers to the transit time once an order has been dispatched. Some orders take longer than others to be shipped. You can learn more here: ^DG,conv_93217
"What should i do with this link , i want my cashback, really insane by",Apologies. Please refer to the link for more details: ^SK,conv_39589
No i’ve already done that and you have taken more money out of my bank! Someone needs to contact me not an auto form,"Hi, sorry to hear that, please get in touch with us here: we'll help ^AS",conv_19268
Useless show Amazon... Again no body ce to pick up stuff for return Worst respond to customer..... GUYS PLS STOP BUYING Stuff FROM AMAZON. TO HELL WITH FDI... AND RESTRICT THEIR Working PLS,"We understand your concern regarding your order, Anuj. Apologies for the hassle, kindly connect with our support team here: and we'll assist you further. ^VH",conv_76606
😱,"Olá, Crono! Neste caso para visualizar o conteúdo no seu dispositivo Kindle, você precisa fazer a compra dos itens mas no formato digital. ^NB",conv_98125
"BITTE macht das. Bleibt sonst für mich und viele andere eine äußerst frustrierende Angelegenheit. kann man aufzeichnen, / leider nicht. Muss sich ändern. Danke!","Leider nein, aber ich gebe dein Feedback hierzu an die zuständigen Kollegen weiter. ^BL",conv_89965
I literally can't order anything further because I was informed that the logistics team is having issues problems &amp; can't deliver to me. I don't live in a rural town or in an apartment building. Just a regular house on a regular street in Toronto.,"Hi, are you having trouble with a delivery at the moment? Have you been in touch to get an update? ^HS",conv_76711
The pick up has been arranged 5 times now and cancelled at the last moment without citing any reason!,Was a pick up arranged on your order or were you asked to self-return it? Please tell us more. ^HK,conv_13418
Just DM’d you.,"I'm so sorry to hear about this poor experience, Robert-Jay! Could you please tell us a little more about what's going on? We want to help! ^SD",conv_81999
I have already done so. Where is my response? In the bin also?,"I'm so sorry, Jamie! That's definitely not the experience we want you to have. Please reach out to us directly here: ^LA",conv_87825
Please pick up from your hand . I get also damage product from your hand,Thank you for confirming that you've responded to our email. We'll definitely get back. Request you to wait till then. ^SK,conv_14793
"The latest tracking info proves the delivery company failed to deliver on the stated date and the lied about attempting delivery today, probably due to running late. Parcel was required urgently and now 2 days late! What info do you require? The tracking id?","I'm sorry you haven't yet received your parcel! We're here to help! What is the latest tracking, found here: ^SE",conv_91380
24-48hrs i have been waiting a month for a working monitor im not upset just by this refund its how i have been trying to get a working monitor and the last two i got sent were defective.,"So sorry for any inconvenience! When you spoke with us about your refund, what insight/information was provided? We'd like to help in any way we can! ^BL",conv_87880
"Je l’ai contacté ce soir, mais il peut nous donner sa réponse sous 2 jours. Ce qui est trop long pour moi.","Avez-vous contacté le vendeur pour lui faire part de la situation? Si oui, quelle a été sa réponse? ^MD",conv_77735
Will do thank you for the help,Please provide your details here: and my team will escalate to Amazon Logistics. ^EZ,conv_8013
I can’t log in because it’s locked.,I'm sorry your account is locked! Please reach out directly to us here: so we can take a closer look. ^TN,conv_2804
Sending in the screenshot via DM. Please check!,"We are positive that we have sent a correspondence to your registered email ID. please check and reply to the same, we will help you. ^AH",conv_56168
what happens if i buy this?,"For a console version, the code is stored in Your Games and Software Library. Here is more info: ^AC",conv_37892
"I am waiting to hear back from the seller. I don't really think a reason would even matter right now. I paid, and then some time later they shipped it. Could I get it for the same price I purchased it for if they put it back up for sale? Can't find anything similar on Amazon.","Hello, I am sorry to hear that your order was canceled. Were you provided a reason for the cancellation ? ^CR",conv_55953
My email interaction with your cs is on...reply pending. Just escalating the matter....to get a positive reply. Please check your cs email.,I'm sorry to know that you did not receive any email. Request you to connect with us here: ^OS,conv_20075
Here you go with the screenshot.,"We are positive that we have sent a correspondence to your registered email ID. please check and reply to the same, we will help you. ^AH",conv_56167
"Patched, thanks","Hmm, seems odd. Have you tried restarting your device? ^BM",conv_26323
Oui contacté ma banque et porté plainte pour fraude. Je ne sais pas si je vais pouvoir être remboursée. Etait ce une fraude ou une erreur ?,Avez-vous contacté votre banque? Quand avez-vous rempli le formulaire? ^ARC,conv_17389
the above link only signs me into my account. Have already spoken with over 15 of ur cust care staff. No use. Give me ph no of senior staff.,here: and I'll look into it right away. 2/2 ^AR,conv_16916
"Already handled, just venting. It was a pretty big bummer.",I'm sorry your book arrived this way! You can find replacement/refund options here: ^VS,conv_363
will i loose my account? Already tried help by link and by calling customer service,"I'm sorry. We can't access your account via Twitter. For assistance, please reach us here: ^WT",conv_3559
No it’s been 7 days and my unavailable balance is still in place,Sorry for the delay! Are you waiting for a refund to fully process? ^JZ,conv_45624
Thanks for the reply.,"I'm so sorry for the lack of reassurance that this is being looked into. We do not have case numbers for this, however you should expect an e-mail from our Account Specialists shortly. ^RR",conv_96839
I just provided it again,Hey there! It looks like we responded to your message on Oct 29. Be sure to check your junk/spam folder too! ^NM,conv_46735
"Amazon.in, and directly from Amazon.",¡Hi Sidhant Oberoi! Without providing personal or confidential information. Just to confirm Would the order be on Amazon.es? and Could you tell us if the product is sold directly by Amazon or sold by an external vendor? ^PC,conv_94475
A través de juegaya,¿El pedido era gestionado por Amazon o por un vendedor independiente? ^KS,conv_70613
"Not Amazon customer service, that’s what’s down. Way down.","Hey, what's up? ^AS",conv_14781
so the social media escalation team is equally useless as the customer service team...hats off to incompetence,Thanks for the heads up! We'll check this and get back with an update soon. ^YP,conv_11421
"Yesterday, Oct 31",What was the original delivery date given in your order confirmation e-mail? ^MH,conv_27400
its going to gift card balance forgot to mention i understand that it takes some time its just if i dont have a bad record on amazon it should not take me 10 days to receive a refund i have only made 2 returns since 2013 and it has been the 2 monitors but i hope i get it today.,"I can certainly understand the frustration after receiving two defective monitors! This isn't the kind of experience we want you to have. Refunds process instantly on our end, but take about 3-5 for your bank to deposit the funds to your account. ^MB",conv_87882
DMed,"Yes, we are. Is there anything we can do to assist you ? ^MK",conv_82138
Excelente mesmo. Chegou rápido demais! Obrigado! 😊,Que maravilha Ney! Eu estaria fazendo o mesmo! Espero que aproveite bastante! 😃 Um grande abraço! ^NP,conv_67310
Are you saying an Amazon customer that can’t understand the Indian customer service really can understand them? And I’m unable to speak to anyone in America? Please advise,"Hello, all of our associates are trained to help you with your query. Can you share with us what is occurring. We will try to help if possible.^CR",conv_61465
Malayalam varumo😂,She's new here and only understands English. We're hopeful she'll pick-up regional languages soon 😊 ^VN,conv_58540
I do not have time to write the whoke story. so call me for a discussion on the numbers given can you arrange for a call ?,"This being a social platform we cannot access your account details. Please elaborate your concern &amp; we'll assist you. Also, please don't provide your contact details, we consider it to be personal info. Our page is visible to the public. ^SF",conv_53248
"Hello, I haven’t heard anything since, is there an update on this?",We're sorry for the wait. I can confirm we have received your information and will be reaching out to you soon to assist. ^TE,conv_87867
I do I know if this even true ? Could it be a fake email? How do I know if I do indeed have prime ?,I'm sorry you're seeing a charge for Prime! Here is how you can cancel Prime: ^DD,conv_37911
Tried it. Not helping. The link took me to a call which sent me a replacement link. I want to return the item and not replace it. Your app only has the option to replace. I want to buy it from directly. What do I do. Have someone call me now!!,Sorry to know that your recent experience with the order wasn't on par with your expectation. Kindly reach out to our support team here: and we'll assist you accordingly. ^GD,conv_80247
学生なのですが、一般の方の方と値段と無料試し以外で違いとかは、あるのでしょうか？,はい、Amazonプライムの月間プランは月額400円(税込)です。ご登録から30日間は無料体験となり、その後有料会員へ移行いたします。特典はこちらです、ご参照ください。 ET,conv_64657
I had already submitted the info 5days ago.i don’t understand why u are asking again??,Sorry about that! Could you kindly confirm if you have filled in the details with the link provided earlier? ^PB,conv_14597
"But nobody was available to talk to me... so to answer your question, no..","I'm sorry for the frustration! When you called us, were we able to escalate your locked account to the Specialist team? What insight were we able to provide? ^SJ",conv_98024
2/2 lavorativo successo. Ma allora oggi e un giorno lavorativo per GLS o no? Sa? #GLS #Amazon,Se hai già effettuato l'ordine su Amazon.it dovresti vedere la tracciabilità del pacco direttamente dal tuo account. ^MZ,conv_22114
são donos do melhor atendimento e preços💕,"Olá Ana, você é a dona do nosso coração ❤️. O que a gente fez para receber tanto amor? 😍 ^AZ",conv_73749
Merci d'avance pour votre attention,Vous pouvez contacter le vendeur directement via,conv_89928
"Cool, danke! Trotzdem,.... Werbung per POST? Kommt schon...","Die Einstellungen können im Kundenkonto über die ""Kommunikationseinstellungen"" unter ""Mein Konto selbst abmelden"": selbst geändert werden. ^BL",conv_86415
Yes but it is a robot emails! I tried and mailed several emails with my bank statement and nothing happens. Hv other email for help me?,I'm sorry for the account issues! Have you received any further e-mails from an account specialist? ^TR,conv_38872
I have no option for self return. So please arrange from your hand,I'm afraid the resolution provided is the best we can offer. Kindly self return the order. ^SG,conv_31665
details sent. kindly check,I'm sorry you're unable to connect with our support team. Please send us your details using this link: and we'll get in touch with you. ^AM,conv_59605
Perfect thank you!,"Does the book appear in your library: If so, select the book and click deliver to send to Kindle. ^MB",conv_46162
"Thanks, I’ve emailed with the order number and details.",I'm sorry you received the incorrect item. We'd like to look into this with you. Please reach us here: ^AG,conv_91411
Do you understand English? How come question of a bank arise? I have paid with Amazon Pay Balance yes you heard it right Amazon Pay Balance. Is this what you offer as help?,Sorry to know the payment was declined. When you place an order Amazon tries to charge the amount on your payment method. There is a certain time frame in which we require approval from your issuing bank. ^NR 1/3,conv_64001
It must have changed overnight. Same with one of my other CDs that was scheduled to arrive today.,Oh no! Did the delivery date change? ^JO,conv_92525
"doch sie brauchen nur bei Hermes anrufen, sich mit dem örtlichen Zentrum (Stolberg/Rhl.)verbinden lassen und zur Not den dortigen Leiter auffordern, in sein Auto zu steigen und auszuliefern, bekam gerade pm von Hermes - vielleicht morgen....ohne Worte","Wie bereits ^AW erwähnte, können wir dies nicht beeinflussen. Daher bitten wir dich hier um Geduld. ^SK",conv_62762
Does it matter that I purchased from,Please get in touch with us here: and we'd be happy to review available options with you. ^EZ,conv_7150
"Then try using the app, select language as English, IVR would state the unnecessary status info about the last the order, no further options","That seems odd. Any particular error, you are seeing? Do let us know. ^CB",conv_23068
"Hi thanks, I will do next week when I have some spare time","We'd like to troubleshoot this with you in real-time, please give us a call here: ^CO",conv_26220
"ihr habt mein Geld, also sorgt dafür - ganz einfach!","Ich kann deine Verärgerung verstehen. In manchen Fällen kann es zu unvorhergesehen Verzögerungen kommen, die nicht beeinflusst werden können. Ich drücke dir jedoch die Daumen, dass du dein Paket sehr bald in Empfang nehmen kannst. ^AW",conv_62770
It says it was delivered yesterday,I hate to hear your package hasn't shown up! Has the delivery date passed? ^MT,conv_47342
I ordered the items on preorder a year and a half ago. I can't view the order so I have no idea what's going on and amazon doesn't either,Was the item in stock when you placed the order? Is it currently still showing as pending shipment? ^NV,conv_22073
No idea. My app tells me it was delivered.,Sorry to hear you haven't receive your order. What time was your order scanned as delivered?^ES,conv_58379
Oui envoyé et un mail de retour confirme la première bonne réception en m’annonçant la rupture de stock du produit 😱,Avez-vous bien envoyé l'attestation ? ^AR,conv_72224
This is shocking service. Hope you realise this,"We won't be able to tell you what is available for your order since we don't have access to account information here. When you have time, please reach out and we can look into this for you. ^VS",conv_72363
Before 2 month I have purchased 32 inches TCL led tv And now there is a problem in that tv And TCL is not helping me,Please let us know what went wrong so that we can assist you accordingly. ^SH,conv_20906
I asked a Question. Will you honour it because all it seems like at the moment is your dragging it out the 3 days an then it will be cancelled regardless,We want to help get this resolved for you! Thank you for your patience with our tech team. -RD,conv_67154
"It was indeed a pre-order made nearly three months before release. Here is the response I got, asking me to wait until after Christmas, which is never acceptable",I can see this was a pre-order. What is the current status of your order and is there any estimate for availability? ^BD,conv_78507
Thank you 😊,Thank you for sharing the details. We'll check your concern and reach out to you at earliest. Rest assured. ^SV,conv_22513
Allready i revert,Could you check here: and let us know If you have received any correspondence from our team? ^NK,conv_31685
This site is not opening,"My apologies about the delay, Shreyash. We'd like to have a closer look at this. Kindly drop in your details here: and we'll reach out to you at the earliest. ^NK",conv_97491
"The measure of a company, is how it responds when it gets it wrong. When cocks up, it rubs salt into any wounds it has opened.","I'm sorry for the trouble with this! Please keep us posted on the outcome of your call, we want to ensure this is resolved! ^SB",conv_45654
Pode deixar ✌,Manda uma foto para a gente quando receba o seu pedido ok? 😍📚 ^JJ,conv_91330
Thank you,We're sorry for the wait. I can confirm we have received your information and will be reaching out to you soon to assist. ^TE,conv_87866
Opa!!! o próximo da fila é: A morte do pai - Karl Ove,"Então me diga! Assim que terminar a leitura de ""Doutor Sono"", já sabe qual livro vai ler?. 😍🤔📚 ^NB",conv_68993
This doesn't make sense. No courier is indicated and this doesn't answer my question!,"If you review your order details and select the 'View Return Label' option, it will indicate the courier service selected for this return. You can view your order details via this link: ^WM",conv_79080
すみません、あと一点だけお伺いしたいのですが、印刷した返送先住所を梱包箱に貼り付けて、返品受付IDは中に入れる形で良いのですか？,恐れ入ります。お手数ですが、どうぞよろしくお願いいたします。リプライありがとうございました。 SM,conv_20836
"Claro! Este aqui abaixo. Quando vou finalizar a compra (com outros itens), dá erro por causa dele.","Olá, Laís! Neste caso, poderia nos fornecer mais informações do produto que você está tentando comprar?. ^NB",conv_94457
"No, haber si me contestan",Hola Gonzalo. Lamentamos las molestias. ¿Has intentado contactar a para verificar lo sucedido con tu pedido? ^HC,conv_76718
Valeu pela dica 😉,"Decisão dificil né Tiago? Eu fiz uma pesquisa e o livro ""O Senhor das Moscas"" parece muito interessante 😉. ^AZ",conv_16247
are you going to keep the availability to limited pincodes like flipkart? They have the device available to buy.,on the product page and you'll receive an email once the item is back in stock. 2/2 ^HD,conv_48003
Would be best if you provide a resolution asap...rather dan superfluous tweets,"Please don't provide your order details, we consider it to be personal information. Our page is visible to the public. (2/2) ^KA",conv_60654
,We use international severs to connect through call. Be assured that it is from our team that you'll receive the call back.^PR,conv_28568
Merci :),"Bonjour, vous pouvez initier la conversation en DM.",conv_64143
No error messages.. only goes dark.,"Hi, sorry to hear that. Are you getting any error messages? ^JJ",conv_98140
"Até 1° de dezembro, se tudo der certo. :3","Olá, João! Fico contente em saber que você conseguiu aproveitar as nossa promoções. Me diga, quando você receberá seu Kindle? :D ^CR",conv_98789
O prazo é até terça feira,"Com certeza! Me diga, quando você receberá seu Kindle? 🤔 ^CR",conv_91328
The carrier is USPS.,Thanks for the information! Who is the carrier of the package? You can find that info here: ^AD,conv_14421
U kindly refund the amount back .. I have sent back the product and I demand a refund for the same .never had such dissaponments wit amazon,"I'm sorry, we never intended this. Please reply to the email here: and we'll get back to you. ^SI",conv_14389
Perhaps you can get me the callback I've been asking for for the last 2 months from a Vendor Management Team Member? Happy to DM phone# 1/2,"Hello, we would not have access to your via Twitter. Please reach out to us directly and we will be glad to help. ^CR",conv_23541
No updates yet it this your customer satisfaction service,That's an unpleasant experience you've had with the delivery of your order. We apologize for the experience. I'd like to investigate this further and help you. Kindly fill in your details here and we'll reach out to you soon. ^VM,conv_52074
Ooh..Thanks for your positive reply.Hope you will return the money as soon as possible.,"If you've shared your details, we'll work on it and get back to you at the earliest. ^HN",conv_21602
They already have rejected my replacement request stating that they have checked it and nothing was faulty so u have to bear the loss,Sorry to know you've received an empty box. It is never our intention to cause inconvenience to you. Please report it here: &amp; we'll take necessary actions to make things right.^AR,conv_56067
What last correspondence idiots? Check this screenshot and give me the appropriate email that you are talking about...u chutiyas are asking me for a feedback..first get it delivered bsdk,reached out via email. Kindly check for the last correspondence from us here: and respond to it. 2/2 ^AB,conv_16628
"another order that was out for delivery since morning, delivery boy calls at 2 to ask address, 6pm calls to say vehicle breakdown so tommrw","That's quite a remark, Sidharth. Did any of yours concerns regarding your recent orders went unaddressed? ^NK",conv_25169
Yes. Can only assume bin man has thrown it away.,"Hey Stuart! Thanks for reaching out to us! Just to clarify, was the parcel missing when you went to retrieve it? ^AJ",conv_46730
no email received...wic email you sent it on,Request you to reply to the email correspondence which we have sent to your registered email id. We'll look into it. ^SB,conv_14824
Please do necessary action against courier services,"Sorry that you haven't received your order yet. I’d like to help you, please fill this form: (1/2)^SY",conv_15654
"Dear team amazon, i am not getting any response by ur customer support about reconcern of my issue #emptybox #refund. Please reply revert a proper solution and take action against your seller &amp; delivery team as box was empty as i opened the amazon mi seal.","If your concern remains unresolved, please revert to the email correspondence you've received from us. We'll check and get back. ^YP",conv_57358
Yes. I did reach out to amazon CS via the site &amp; I’m suppose to get my package tomorrow. 2nd time in the past 2 weeks this has happened.,Are you currently waiting on the delivery of a delayed order? ^QJ,conv_9438
"I use get items next day, now it taking alot longer. Yeah it originally said saturday, now it says monday. Shame have till wait 11 months to cancel prime.",Some items may require additional processing time. Prime shipping refers to transit time once the item has shipped in business days. Have we missed the expected arrival date with a current order? You can check here Let is know! ^DJ,conv_95339
Yes,"Are you looking for the results of the iPhone Quiz? If yes, kindly tell us more on this. ^SG",conv_22575
Creo que es ( Amazon )lo solicite por Amazon Prime .. envio gratuito.. yo todo lo compro desde la opción Premium,"Buenos días, siento muchos por los inconvenientes con la entrega de tu pedido. Podrías, por favor, informarnos si tu pedido es vendido y enviado por Amazon o por un vendedor. ^CJ",conv_54664
Since yesterday you guys are telling that you’ll get back instantly. Lost all hopes!,"Apologies for the delay. Our team is working on it, we'll get back to you with an update at the earliest. ^SC",conv_56152
Sorry sir but aap logo ne aaj ki date di thi refund krne ki.... Pr abhi tak hua nhi....,"Please don't provide your order details, we consider it personal information. Our Twitter page is visible to public. (2/2) ^ZH",conv_15065
Cool beans. Thanks!,Please get in touch with us via and we'll check this out. ^AM,conv_15923
"Era pra ontem! :D Só que como não recebi codigo de rastreio, não sei o que houve :(",Oi Barbara! Você poderia nos indicar qual é a data prevista para a entrega? ^NP,conv_65663
Call me 7995255254,I get your concern. Please contact us here: so that we can assist you accordingly. ^MN,conv_70657
Yes. I use it daily. The connection is fine. Alexa can’t understand to play The U2 Experience through my Sonos. (If will generally play any thing else I ask it to. And plays the u2 stream fine through the dot),"We'd like to assist, if possible! Are you currently connecting to your Sonos device using the Sonos Alexa Skill: ^JR",conv_42555
"Oi Amazon, não recebi meu pedido 😭😭","Entendi Michele. Caso não receber seu pedido amanhã, por favor entre em contato conosco. ^AZ",conv_80259
why the hell do I have to wait this long because of YOUR mistake which I told YOU about,I can confirm Amazon Logistics deliver until 9pm every day. Please keep us posted with the progress of this order Charlotte.^GA,conv_87924
Yes of course! Thanks everytime for all your help! it's .es,"Hello there! Thanks very much for reaching out to us, Oihane! We're sorry that you weren't able to use the Noctua, but we'd love to help! Could you please let us know which domain (.com, .ca, .es) that you used to place and receive the order? ^JD",conv_80273
Heute. Ansonsten würde ich mich nicht beschweren.,"Hi Sandra, welches Lieferdatum wurde dir denn in der Bestellbestätigung genannt? Liebe Grüße ^TA",conv_68911
Provide link of that page.. Where results have announced!!,All the contest winners are published on our official website. Please stay tuned. ^MK,conv_80103
"Okay, thanks so much!",(2/2) ... please reach out to us for real-time troubleshooting here: ^WT,conv_4311
Dommage merci pour la réponse 👌,"Bonjour, malheureusement, nous ne disposons de cette information en ce moment. ^SB",conv_57449
I cant get to this link bcoz it is saying to login amaozn aocunt.but my acount is on hold.plz unhold my account,I get your concern regarding a refund. Please connect with us here: &amp; we'll help you. (1/2)^BS,conv_22528
I bet you won’t like to take any interest on this.......,I get you being upset. I'll be sure to forward your feedback internally. Appreciate your understanding. ^MK,conv_34477
Il n’y a rien concernant les commandes là dedans....,"Vous pouvez utiliser le lien suivant, vous n'aurez pas à vous authentifier :",conv_70615
I have not received any mail ! Just spoke to escalation team . They said they solve the problem!,You might have received an email from Social Media team here: Kindly reply to it with the preferable timings for a call back and we'll reach out to you accordingly. ^RB,conv_56097
Well ok but said it’s been dlvd so I can’t see how they will bother to deliver it now! I think they have washed their hands of it,I'm sorry your order hasn't arrived yet! Please let us know if you haven't received it within 48 hours. ^EB,conv_1867
Forget it.,Unless the form is filled we wouldn't be able to offer any further insight in this case. Thanks for understanding. 2/2 ^AB,conv_14128
Anytime you call me tell when you're replacing the fake product!,"I understand that at this point of time asking you to wait would be disappointing, Rajath. We wouldn't be able to arrange a call back from Twitter. Kindly write back to the email sent by us with your preferred time and we'll get in touch with you.^AR",conv_56082
"Ya recibí respuesta. Me dicen que mi estado de cuenta no es válido. Por favor, a qué se refieren? Especifiquen qué quieren porque los lacras de cobran 40 varos por dármelo.","Antonio, una vez que envías los datos que te solicitan debes esperar al menos 48 horas para recibir una respuesta, por lo que te pedimos que esperes un poco más. Si no recibes respuesta en este plazo, avísanos, por favor. ^ES",conv_93208
"Par un vendeur tiers, mais dans le suivi c'est marqué qu'il avait bien envoyé les produits","Les articles en question, sont vendus par Amazon ou par un vendeur tiers ? ^AR",conv_51967
May i just add that realising NO ACTION HAS BEEN TAKEN on my complaint is not much fun. Worst customer care EVER !,I'm sorry about the trouble Manak. Kindly reply to the email sent by our team for further assistance. ^GD,conv_9425
Error message 5505,When you attempt to play Amazon Video on your Fire Stick what happens? Are you getting an error message? ^VS,conv_48697
"Error message telling me ""wrong password"", but I am 100% sure my password was right. This happens to everyone around me ...","Hi, sorry to hear. Are you receiving an error message? ^TP",conv_16908
分かりました！ ありがとうございます,ご心配をおかけしております。お支払い番号の発行のタイミングは、商品によって異なります。（ご予約商品やお取り寄せ商品など、発効までにお時間がかかる場合もございます） 恐れ入りますが、お届け予定日を目安にお待ちください。RI,conv_59584
"Also geprüft und für negativ befunden, ich hoffe das Paket kommt heute an und vor allem gut Verpackt, die 3te Box war leider zerknickt ...",Gerne.,conv_20086
Still no sign of my item that should have arrived Wednesday....not impressed,"If your order hasn't arrived by tomorrow at 21:00, please contact us here for available options: ^LR",conv_48026
Nothing other than Pre-formatted responses. Every order I’ve placed in the last 2 weeks has been delayed.,Oh no! I'm so sorry we've let you down! Were we able to offer any options when you reached out? ^JO,conv_11266
"With Wonders will never cease! Now, with respect to my 'DELIVERED' item, i have received the following sms: ...1/n","Thank you for confirming, we are looking into it and will get back to you soon with an update. ^SI",conv_13856
Thank you!,You can expect a contact from us with in 12 hours! ^MW,conv_18361
Whole day to get back to me ... Unexpected .,Thanks for the update. We've received your details and we'll get back to you at the earliest. ^SC,conv_64216
Helloooooooo,"Thanks for the info! In the e-mail, there should be a secure fax line to send the info to. Do you see it listed in there? ^AL",conv_31647
Great response by Amazon.... compensation of 500 INR...no legal action against seller &amp; brand #JeffBezos,"As you've shared your details, we'll work on it and get back to you at the earliest. ^HN",conv_12734
They left it downstairs by the mailboxes. I'm home alone and had to lug them to the elevator myself,"I'm sorry for the frustration! We'd like to better understand what happened, is this an apartment hallway or mail room? ^CC",conv_50302
"Si me permite realizar una nueva compra recibiéndolo del 13 al 23 de diciembre,porque no se hace efectivo mi pedido??","Hola, Hugo. Lamentamos mucho este inconveniente, por favor recuerda que no es conveniente anotar información de tus pedidos. Por otra parte, te recomendamos realizar un simulacro de compra para verificar si el producto realmente está disponible. ^CB",conv_94444
I have had the hassle to provide my concern on the given link twice and it’s a pain. Use the details I already mentioned. I m not doing it,"Sorry for this ordeal, Benish. Please share your details here: and I'll get in touch with you. ^HD",conv_6642
So why am I paying for prime when it obviously doesn't get me anything? Why state next day delivery for an item when it can't be achieved?,"Hi! We're trying to ship out parcels as quickly as possible, our delivery dates are reflecting the current demand. Here is some information explaining our shipping time fames: Let us know if you have any questions! ^DA",conv_86208
By email through the website.,Did you contact us via phone or chat for instant support? ^AS,conv_18787
The last update was on 22nd Oct saying it’s out for delivery.....you can’t tell me it take a over two weeks to deliver,"I can understand your reluctance, but we can provide you with additional options depending on who the seller is. ^SY",conv_5726
I have received enquiry from media agencies on seriousness of Amazon scam in India. If you're failing to resolve the issues I will handling them all the details.,We value your time and make sure to resolve this at the earliest. Appreciate your patience. ^MN,conv_56094
Delivery will be attempted again tomorrow. Who knows if attempt number 4 will be successful? Good job these are Christmas presents and not needed imminently.,I know how frustrating this can be. Please keep us updated on the phone call back. We are here to help. ^BA,conv_82017
Vendido por KC Navigation y gestionado por Amazon.,"Gracias por la información Icardi. Podrías por favor puedes indicarnos, ¿tu pedido es vendido y gestionado por Amazon o es un pedido de un vendedor externo? ^MZ",conv_88007
Pode deixar! Obrigada!!,"Estamos chegando, Donna 😊 Assim que receber o seu pedido, envie uma fotinho para nós, tá? 📷😊 ^LG",conv_87935
I have not,"Justin, has your chat been resolved? DId you get the answers you needed? ^DJ",conv_82126
J'attends de constater la présence ou non du colis devant ma porte... de plus j'attends un autre colis de vous demain,Avez-vous déjà signalé le souci de livraison à notre SAV s'il vous plaît ?,conv_70546
Still no call back...,Sorry about the incorrect link. You can contact Amazon UK here: ^MI,conv_52137
I called your support was put on hold for minutes and was told he would send a strongly worded email to the manager of the agent who organised the call. A lot of use that will do. I’m reporting you for nuisance,"Hi, we would not have access to your account/order details via Twitter. We would have to ask that you use the link provided so we may attempt to get this looked after as soon as possible. Once again, apologies for the inconvenience caused. ^CR",conv_51979
"Order date 06-Oct-2017 Order # 406-8895581-1413106 Order total 3,719.00 (delete it again)",We haven't received your details. Kindly share your details here: and I'll get in touch soon. ^AK,conv_6647
"No they said they can’t speak to them only send an email, I have wrote on the delivery instructions to call me but haven’t heard anything, your courier has lied about delivering the item and lied that they attempted delivery yesterday. Can I contact him/her directly?",Did the agent you spoke to say that they would contact the carrier? ^JJ,conv_52153
It’s not downloading any of the books I have and it won’t delete the ones I’ve returned,"Oh no! What specific errors are you running into when trying to access Kindle Unlimited? Please let us know, Breana! ^FD",conv_35098
ありがとうございます。ここから開けてくださいの穴、猫の手にちょうどよい大きさですね(=^･_･^=),|・ω・*) ｿｰｯｯ 戦いは、終わりましたでしょうか？ 穴から出ている手、、、、、カワイイですね~( *´艸｀)TY,conv_19501
I had a chat with them. I want it delivered by today or please cancel it.,Sorry to learn about the trouble you've faced so far with your order. Kindly report this to our support team here: We'll have it checked.^AR,conv_64930
"Hi, yep left the feedback now. Thanks! 👌🤟🤟",Have you contacted us directly on the link provided by my colleague to highlight this issue?^SM,conv_60551
I’m going around and around since Tuesday with people from overseas that can’t understand what I’m saying and I can’t understand what they are saying. Why can’t I just speak to an American,Hello! Can you please tell us more about your issue without including any personal or account information? We'd love to help! ^JY,conv_61462
I’d have to PM you,"Without giving account specifics, can you tell us a little more about the issue you're experiencing? ^AN",conv_23040
Amazon has encountered an error. Please try again shortly. This message appears every time I attempt to change my default list for days now.,Sorry to hear that. What error message are you getting? ^RS,conv_15384
It's Worth to tell more because I am not getting any response from #Amazon,I'm sorry about the trouble you had reaching us. Could you let us know more about your concern? ^GK,conv_26851
but I can’t find the options to cancel or re-order?,Hey Georgia! Sorry you haven't received your package. We'd love to help! What does the current tracking say on your order? ^AJ,conv_1103
When can I expect replacement with orginal Bose Speakers!,"If you've replied to our email, we'll surely have a closer look at your insight and will reach out to you with an update. Appreciate your patience until then. ^HS",conv_56098
,"Hola Misael, cuando realizaste el pedido de los artículos que aún no han llegado, ¿podrías indicarnos las fechas de entrega? Ademas si fueron vendidos y enviados por Amazon o por alguno de nuestros vendedores externos. ^RC",conv_72138
Amazon its a complete fraud now u are saying u will ship till 7th please for god sake #help #cancelorder #refund #fraud #poorcustomerservice,Please don’t provide your details as we consider them to be personal information. Our Twitter page is visible to public. ^YP,conv_12690
You should check again. My concern is that AMZL can't get packages to me consistently and that no one will address it directly.,"Upon review, It looks like your concern is being addressed. Thanks for reaching out! ^MT",conv_29262
But no-one can give me a revised delivery date.... that is all I wanted to know!,Sorry to hear your order is delayed. If you have not received your order by the revised delivery date please let us know.^ES,conv_51841
Dankesehr 💟,"Unseren Kundenservice (am besten telefonisch) kontaktieren: Die Kollegen schauen nach was da los ist, und können eventuell zusätzlich benötigte Infos weitergeben. ^AV",conv_54623
Olha quem chegou 😍😍,"Não se preocupe não, no momento que receber o pedido manda uma foto bem linda para gente, combinado? ❤️ ^AZ",conv_68905
Great!😃😎,That's amazing. How are you liking your new product? ^SF,conv_18772
Ok,I understand your concern regarding the pricing issue. Kindly confirm reporting this to our support team in the link shared earlier. ^BV,conv_70744
"I got it sorted out, after multiple phone calls and failed chat sessions (those were horrible btw)","Without posting account information, could you provide us with a few details about the issue? We'd like to help! ^WM",conv_6145
Encaminhado!,"Bruno, gostaríamos de verificar com mais detalhes. Por favor encaminhe seus dados para nós aqui: ^LG",conv_29726
No?! They are identical! All I want is my money back!!!,Are the e-mails you're receiving requesting any additional information? ^JS,conv_53721
But no movies ?,Thank you for taking the time to share this feedback with us. Eligible Prime members with Prime Video can stream selected Amazon Originals titles while travelling outside their home country: ^JR,conv_93227
もしかしたら、無料って書いてあったので無料体験の登録をしたのかもしれません。,以前のご注文で、無料でお急ぎ便をご利用されませんでしたでしょうか。その場合、無料体験の登録となり、更新をOFFにしないと有料会員へ移行します。 その他、お困りな事やご不明な点がございましたらお気軽にお声がけくださいませ。 リプライありがとうございました。 SM,conv_60559
Will do thank you,I understand your frustration! Deliveries can be made until 21:00. Please let us know if it doesn't arrive. ^SJ,conv_82195
Good morning Amazon idiots... third day in a row... today's delivery guys number 70385 67720....can u idiots call him and ask him to deliver... Bunch of incompetetive morons...get this sorted out today...n don't use empathy n sympathy,communication here: Appreciate your patience. ^RW 2/2,conv_16610
I am also having the same predicament! I got a confirmation message and email but am unable to access the presale!,"Hi, did you receive a confirmation message when you registered? Did you access using the same log in details? ^TS",conv_20002
"No tengo que hacerlo, llegó hoy el paquete, todo bien :) El problema está en la web, el tracking ponía que llegaba más tarde, bastante más. Gracias por preguntar","Lamento el inconveniente Pablo, ¿has entrado en contacto con la empresa de transportes encargada de la entrega para verificar lo sucedido con la misma? ^KS",conv_65667
General customer support has no idea what I’m talking about and is just offering me the standard prime extension. I want the problem fixed not bribes to make me go away. Who do I need to speak with that’s a specialist in this area?,Please contact us here: so we can make sure this is addressed. ^CO,conv_72325
"Consegui resolver o problema, mas precisei redefinir o aparelho. Obrigada!","Thalyta, você tentou os seguintes passos: ^LG",conv_43568
"Just found out UPS showed up and left a notice about me not being here to receive the package, they did not even ring the bell.",Sorry to hear that. Were you provided with a reason for the delay?^TI,conv_67202
Ovviamente lettura rigorosamente su #Kindle Oasis 2017!,"Beh, che dire? La tua tabella di marcia non fa una piega! 😜 ^VE",conv_67222
Iam not able to open this site,Could you confirm if you're able to share your details from the link provided earlier? ^HS,conv_97495
Done,"Hello, June! Unfortunately, I am not able to initiate a direct message. Please initiate this on your end. We definitely want to help! ^RO",conv_82238
"Bah justement je ne sais pas, elle est en plusieurs parties apparemment",Quel est le statut de votre commande actuellement ? ^ASZ,conv_59535
Just did. How long will it take? Thank you &amp; happy thanksgiving,"When you get to the page that ^LA posted, click on skip sign in. This will allow you to give us the details we need to look into this for you. ^DG",conv_98031
hi! the date still says today and the carrier is fedex. they told me either to check a notice (i dont know where to find that because i live in a condo) or call the carrier,I'm so sorry to hear your order wasn't delivered. We'd like to help if we can. Who's the carrier on the order? Has the expected delivery date been updated here: ^JN,conv_96803
Si,¡Hola Adrian! ¿Has recibido un correo electrónico por parte de los Especialistas de cuenta? ^PC,conv_88749
"No, he presentado una reclamación diréctamente","Hola, lamentamos el contratiempo con la entrega de tu paquete. ¿Podrías comentarnos si has contactado con compañía de transportes para verificar lo que ha sucedido? ^AA",conv_77589
Delivery date changed once again!!,"Thanks for confirming, Steffan! Please allow for delivery by 21:00 on the new estimated delivery date. Otherwise, we'll be happy to research other options via phone or chat here: I hope this helps! ^SD",conv_61472
It shows this and says I've to arrange deliver?,I'm so sorry! Do you have an active order? What does the tracking show for it here? ^TK,conv_24750
It did! I received my 📦 👯‍♀️,Did everything work out ok? ^BM,conv_25183
I spoke to your customer executive and they provide best of their service which means nothing would be helped from their side but you have to solve this for future prospects.... thank you for your concern🙏🏻,"We won't be able to make any changes to orders that are successfully placed, Ankit. However, I'll ensure to share your comments as feedback to our concerned team and get it reviewed. ^RI",conv_58524
J’ai fais renvoyer un colis car il n’allait pas et j’ai fais une demande de remboursement et vous aviez dit que ça prend 5/6 jours de délais sauf que là ca en fait 9 et j’ai des cadeaux de noël à acheter vous voyez !,"Bonsoir, pouvez-vous m'expliquer la situation ? ^KD",conv_82115
And there was no indication that they had re-attempted delivery,I'm sorry you still haven't received the order. Was there any update on the tracking here: ^LA,conv_12355
Need support on seller central,"Thank you for providing that for us. If you contact us via our website, we will call you back. You can do so via this link: As per previous correspondence, we have a freephone within the UK. ^JC.",conv_64067
"I wonder, will UR uber boss #BenHartman get copied on this thread? Gotta say, I'm not a customer at the moment, only impacted by UR customers. This customer service experience greatly disinclines me 2 even consider #AmazonFresh. Maybe Mr. Hartman could change my mind. I dunno.",We cannot accommodate this request via Twitter. Please send us your details using the link provided by FR. ^GR,conv_10218
"I did, nobody looked into yet!",I'm sorry for the inconvenience. Please share your details here we would look into this. ^MD,conv_60441
Por eso son los mejores ❤️,"¡Hola, Daniel! No tienes que hacer ningún trámite adicional 😃 ^LC",conv_96149
I feel like you guys are just playing me now. This email makes no sense.,"Thank you for confirming! When you have the chance, please leave your information here: and a specialist will contact you as soon as possible to get this reported. ^HC",conv_60658
"Already dispatched, so not possible. It’s how I saw it’s coming from the US.","Sorry to hear that. You can contact the seller to see if it's possible to cancel your order, more info on that for you here: ^TI",conv_58414
必ず交換してください。 配達員の問題だとしてもそのような配達員がいる配達業者にお願いするAmazonの問題でもありますよね。,ご迷惑おかけしております。商品に問題がある場合には、下記URLより交換や返品のお手続きが可能です。よろしければお手続きください。 出品者が発送する商品の場合には、直接出品者にご相談ください。 SM,conv_59457
Will you follow me on twitter,You're welcome Dhiraj. :),conv_3840
i know but i call all courier serviece they people cant home pick up so please arrange from your hand.,"You must have received a correspondence from our team, request you to check the same. ^SH",conv_14790
"Não diz isso :( kk vou rezar pra q sobre no estoque e vcs prolonguem até a próxima semana então, obg!","Olá João! Esta promoção é por tempo limitado e está condicionada à existência de produtos em estoque, expirando às 23h59m do dia 24 de novembro de 2017 ou enquanto durar o estoque. Você vai aproveitar? ^JJ",conv_95281
First thing i have not possible for self return. So pls arrange from your hand,we receive your details. Kindly share the details here: and I'll contact you soon. (2/2) ^GK,conv_16543
Have replied to Ur mail. Hope for a more logical response from your side.,I understand your point. I request you to please reply to the email you've received stating the same and we'll assist you accordingly. ^NR,conv_59431
It can’t read code in daylight and the touchscreen only works on the top half of the screen. I’ll have to go back when dark that works 50%.,We are truly sorry! Can you provide more details about the issues you're having when accessing the Brant locker? ^SH,conv_50307
"Wäre super, einen FireTV Stick fand er auch sinnlos und jetzt nutzt er ihn laufend :)","Hi, deinen Wunsch nach dieser Option leite ich gerne weiter. :) Leider kann ich nicht versprechen, ob wir das umsetzen können. Liebe Grüße ^SI",conv_84094
Die Kaffeemaschine kam an! :) Natürlich kam sie Defekt an.,Das Statusupdate kommt sicherlich noch :) ^BL,conv_78972
"It was impossible for it to have arrived on time when it left 23 minutes before the deadline. Am I blacklisted or something? My recent experiences have been terrible, this is the 9th time I've had to engage support due to delivery issues, either late or lost outright in 3 orders.",Oh no! I'm sorry your order hasn't arrived yet! Late packages are typically delivered next business day. Please keep us posted! We want to make sure your order is received! ^BN,conv_97436
Normalement c'était entre 2 et 5 semaines après le 6 août. Et toujours rien..,"Bonjour, navrée pour ce retard, quelle est la date de livraison indiquée dans le mail de confirmation de commande ? ^ASZ",conv_43556
Well I didn’t authorise it either so where exactly did it come from? I am in the process of returning it now.,"We wouldn't have the option to place an order on your account Rikki, due to security reasons. Has the return been organised for the unwanted order? ^JC.",conv_53294
Hey so my package has not arrived yet. Can I get this sorted please,Please let us know if doesn't arrive by Friday! We'd like to help! ^ZW,conv_11557
This is height of unprofessionalism. ARE U BOTH WINDING UP UR OPERATIONS,"If you've already shared your details, our team will reach out to you soon with an update. Appreciate your understanding. ^MA",conv_28571
"Perfecto,, Feliz dia 😊","Entiendo Jesús, puedes mantenernos al tanto de esta entrega. ^VL",conv_54670
Yet again you’ve missed the promised delivery date by multiple days. And after spending 45 minutes on the phone to try and get it fixed it now late for a meeting,I'm sorry to hear that you are unhappy with Prime. Without providing any personal information can you let us know what has happened? ^KI,conv_68899
"Nein. Auch keine Karte. Leider kein Einzelfall, in den letzten 2-3 Wochen häuft es sich. Pakete ohne Zustellversuch bei Läden abgegeben oder Angeblich nicht angetroffen. Ein Paket ist ganz verschwunden. Support ist informiert, aber so geht es nicht weiter!","Wurde denn auch nicht versucht, alternativ an einen Nachbarn zuzustellen? ^SK",conv_75030
"Ya , i shared details on link","Please confirm, if you have shared your details on the link that was provided to you earlier. If not yet, then I'd request you to please do so that we could check and get this resolved at the earliest. ^KK",conv_53435
"Pode deixar , tchau 😘","Depois de ler os livros, não esquece de nós contar o que achou! 😍 ^DA",conv_68875
Apparently tomorrow. The saga of Amazon Prime delivery nor non delivery.,So sorry to hear the shipment wasn't received today! Have you already received an update as to when the next delivery attempt will be? ^GS,conv_82097
... I did respond back to... Thanks,We've responded to your query via DM. Please check. ^HD,conv_51184
Shows as ‘on its way’ and only having left carrier depot at 9.40pm this evening. Delivery is by Amazon Logistics. App still shows the delivery date as today but when I go through the support section of the app it tells me scheduled delivery is tomorrow (30th),I'm sorry your package wasn't delivered. Can you let us know what's the status of the tracking and who the carrier is? ^LL,conv_54712
gracias!,"Humberto, por favor entra en contacto con nuestro Soporte al Cliente para que verifiquemos detalladamente: ^JQ",conv_99909
Ya lo hice y lo estan investigando. Tengo num. de inc. Estoy preocupada porque no se quien es ni porqué y sobre todo por mis dos peques.,"Hola Macarena, puedes contactar a nuestro SAC para verificar contigo la situación: ^AV",conv_19238
Miguel Ruiz. Eckhart Tolle,Je suis toujours curieuse 😁 Quels sont vos auteurs préférés en psychologie ? ^ASZ,conv_74889
I'll try that; thanks.,I'm sorry for any aggravation! You can reach out to us by phone and e-mail here:,conv_77721
Seems kinda pointless seen as Netflix is working fine and dandy on my laptop... 🙄,I'm so sorry for the difficulty! Have you tried restarting your router/modem? What about restarting the Fire TV? We're here to help! ^MH,conv_87863
Order id-407-2808023-6902735 Mails already done,"Apologies for the situation, Anurag. Please share your details here: I'll reach &amp; assist. ^SV",conv_12744
My issue was handle and refund granted through your AZGuarantee but no mention of what I'm suppose to do with the coat. Will a tag be sent so that I can return it or do I just keep it? Thanks,We'd like to help you get this sorted out! Please get in touch with us by phone or chat: ^KJ,conv_37880
No one besides me has access to my account,How odd!? Do you have any family or friends that have access to your account? We'd like to help! ^KJ,conv_34143
"Yesterday, yes. But it was supposed to have already arrived by then! Can this item be delivered today? Or a similar one? Thank you.",Sorry about the delivery delay especially considering it is for a birthday gift. Was a new expected delivery provided on the tracking? ^NV,conv_67286
I just did a bit earlier.,Thank you for letting us know. Can I ask if you provided feedback via the link provided by ^NV? ^TI,conv_53270
As I said. I’ve cancelled it. And I’ll cancel prime if it reoccurrs,"Hello, if it doesn't arrive by tomorrow please get back in touch! ^HS",conv_55924
".de I'm sorry, but I was so damn pissed in that moment... I was tired and already un-built (is that a thing...) my pc because I wanted to build it fastly after the arrival, but then it didn't come... It now says that it will be here tomorrow. Hopefully...","I'm so sorry! Which site did you purchase your case on? (.de, .com, co.uk etc) ^VF",conv_80197
non ho il kindle fire,Hai già provato a seguire le indicazioni della nostra pagina di aiuto: Facci sapere! ^FA,conv_67116
There’s no update from your side. Didn’t expected such things from &amp; !,"As you've shared your details, we'll check and get back to you soon, Akshay. ^RI",conv_56190
I was able to send my question through the link you provided. Thank you.,I'm sorry your not seeing an option to contact the seller. Please reach out to us here: so we can look into this further with you. ^CO,conv_75216
I have given the reply for the 6th time now,"Please reply to the email received from our team. We will check and connect with you accordingly. Please don't provide your order details, as we consider it to be personal information. Our Twitter page is public.​ ^RW",conv_52094
"No, just said ""running behind"". All our ordered food has been vegan, worst has been soft ice cream but people ordering meat could get sick.",Terribly sorry for those delays! Were any specific reason given in those e-mails? Carrier delay etc? ^JZ,conv_30329
Hoooorrrayyy! Not showing up on website yet as an option though?,"Hi Helen, hope you saw the update that Brighton is included! Good news 😁 ^TS",conv_17166
getting a replacement for sunday🙋🏻‍♂️,Oh no! I'm sorry for the lost item! Were we able to provide options for either a refund or replacement? ^JO,conv_78961
"As per , this feature is not yet supported. When will this work in India?",I get your concern about the device integration. Please reach us from here: we'll look into this and assist you. ^SV,conv_73801
"""Remotely"" awesome lol 👍👍👍👍","We weren't ""remotely"" worried! LOL! 😁 So glad you are now back in business now! ^FR",conv_36697
That didn’t answer my question. How is it 2 day Shipping if it’s actually 4 Days?,I'm so sorry! Some items take a little longer to process than others. We aim to deliver by the date given in your order confirmation e-mail. Please let us know if you don't get your order by then! ^TK,conv_67160
"«COLIS PRIVE» il y a écrit sur le suivi de colis. à savoir que j'ai un deuxième colis qui devait arriver hier mais celui-ci, pas d'avis","Bonjour, je suis navrée pour cet incident, quel est le transporteur qui prend en charge votre livraison ? ^ASZ",conv_43580
"Thank you for getting back. It's definitely not with a neighbour and it's definitely not been left outside anywhere, there's no note to say they tried to deliver or anything like that.","Hi Scarlett, really sorry to hear this! Please check out our help page for when parcels have been marked as delivered, but not received, this will give you all the info you need for the next steps to take: ^JC",conv_57469
I have not been called yet...,"Thanks, Travis! I can confirm that we do see the completed form and a member of our team will be reaching out to you soon. ^TE",conv_64029
"At time of order, del date was 10/29. Carrier is AMZL US.",We'd still like to help. What is the delivery date shown in the order e-mail: Who is the carrier? ^SJ,conv_7557
"Enormément, merci encore !! :D",J'imagine hihi 😋. Ça me fait plaisir que la surprise vous a plu. ^BR,conv_58504
"Form filled, no resolution yet",I'm sorry to know about that. Please fill this form: and we'll contact you soon. ^MP,conv_28552
"Utterly frustrated! Just had another email, saying the same thing?! Everything automated, no individual touch.","Hi Sarah, I am sorry to hear that this still hasn't been resolved please follow this link: and fill out the form, someone from our team will be in contact to assist you. Please let us know how you get on. ^HS",conv_53740
Nope that doesn't help as no one has put closed captions on season 5!,Thank you for reaching out to us today! You can find the steps for turning subtitles on and off here: Let us know if this helps! ^AZ,conv_69039
"I was on the phone for an hour; kids fire tablet not working , warranty is a lie and your agents are rude.",I'm so sorry we've let you down; that's never our intent! We'd like to take a closer look into this and explore options with you. Please reach us by phone or chat when you have a moment for direct assistance: ^LL,conv_6819
I will let you know. I had to escalate to get resolution which should have been offered by your first line.,I am glad you are getting help! Let us know if you need anything! ^DJ,conv_92603
"i understand, but i am asking a general question, do you or do you not have a policy about late delivery with amazon prime?",We're unable to access accounts on Twitter but we'd like to look into it for you here: ^LI,conv_7551
Order placed 30/10 with stated prime delivery of 31/10. At 7.30pm informed delayed allow further 2 days! Not 1st time prime has failed!!,My apologies Frances. What was the expected delivery date given at the time the order was placed? ^DC,conv_16235
ありがとうございました,(*´-`).｡oO(ご存知かと思いますが、当サイトからのご請求ではございませんので、ご連絡されませんように。。) また、携帯大手3社をご利用の場合には、迷惑メール対策として、申告窓口を設置しています。今後受信しないためにも、各窓口へご申告ください。TY,conv_10988
It is a doorstep pick up but I need to bear the charges for the courier while I am struggling to get a refund for the already paid order,Sorry for the trouble while raising a return request. May I know if you have been asked to self return the item? ^SH,conv_13420
Ha ha ha..sure :),She's new here and only understands English. We're hopeful she'll pick-up regional languages soon 😊 ^VN,conv_58539
"I made a same day ship mid Monday and it said it would deliver that day. It didn’t. Today it still says out for delivery, still no show.",Hello! We'd love to help. Can you tell us a bit more about what's happening? ^EB,conv_1843
"Les he llamado varias veces y les he mandado mensajes, pero no he conseguido ponerme en contacto",¡Hola Manuel! Siento mucho el inconveniente. ¿Necesitamos saber si ya entraste en contacto con la transportadora? ^NP,conv_57317
There not prime subscriber deals though. Plus I’m in the UK. I know where to find Black Friday deals. You again have not read nor understood my tweet have you? Is this account run from the same customer service centre in India?,Thanks for reaching out to us! You can check here for Black Friday deals: Hope this helps! Please let us know if there is anything further we can assist with. ~Marvel H.,conv_94423
"Apologies, but my query does not conform to any of the self-serve options on the link you gave me. Even the ""Contact Us"" link has no options which conform to my query. This is what i'm seeing",We'd like to look into this for you. Please reach out to us via phone or chat here: for real-time troubleshooting. ^BE,conv_94448
"So, you can’t tell me what Amazon means by “guaranteed” either? Is there a document you can point me to which clarifies? Not being sarcastic. Actually trying to understand what this means so I can make informed decisions for potential future purchases.",Thank you very much for keeping us posted and thanks for reaching out to us. ^CO,conv_52002
"Was supposed to get an email from a customer service agent today before 9pm and nothing! No item, no money and seriously annoyed! Customer service is shocking!!","Sadly, due to account security, we don't have any additional information available via Twitter. Please contact our customer service by phone or chat here: Let us know what they find. ^DA",conv_87808
Creo que por Amazon,"Hola Miguel, sentimos las molestias. El producto, ¿fue vendido y gestionado por Amazon o fue vendido por un vendedor externo? ^DA",conv_59393
What Should I Do Now??,"I’m sorry about this experience, Bille. Has this been reported to our support team yet? Please don't provide your details, we consider it personal information. Our Twitter page is visible to public. ^MK",conv_87974
"It say's ""Could not set your address. Please ensure you have correctly entered a complete address"" when I am entering my India address","That is unusual, Could you please let us know the error that you are receiving ? ^KS",conv_46156
"No. Just Amazon. One delay in CA by way of KY, the other locally in Atlanta.",Are you seeing this trend with a specific carrier? Please let us know! ^MT,conv_80184
"Regarding order no. 171-9580791-4474727. On 16 nov u r customer representative assured the said order will be delivered within a week, but till now no further updates, again I called customer care now he says it will be dispatched only after 24 nov only. What's wrong with you???","We regret the inconvenience. Please drop in your details here: We'll look into it. Also, please don’t provide your account details as we consider them to be personal information. Our Twitter page is visible to public. ^SB",conv_59660
I haven’t got any reply yet!,We've sent a correspondence to your registered email address. Kindly check for the same. ^AP,conv_56163
"I used to be able to watch my twitch streams with chromecast and now it says ""sorry"" this stream not available w chromecast buy me your stupid stick","I'm terribly sorry! We'd like to help! Without account details, could you tell us a little more about the issue you're having? ^TK",conv_84825
I need a compensation for sure.....its purely your fault,Thank you for confirming. We'll check and get back to you at the earliest. ^RI,conv_60498
It’s just not fair. It’s not our fault and yet we’re the ones out of pocket and the goods undelivered. Best to use another courier or go to another address??,"Thank you for reaching out today, Hayley. I'm sorry for the recurring issues. Is the status marked as delivered: ^KB",conv_53285
Ok thank you! I just didn't want to assume.,"If an A-to-Z claim was granted, feel free to discard or donate the coat. What you do with it is up to you. ^ZW",conv_37882
Cannot contact as my access blocks site.,Hi Charles! You can contact audible here:,conv_67292
最近ポチりたい商品・・・うーん色々ありすぎてほしい物リストには登録してありますが、今一番ですとAnkerのBluetoothイヤホンですかね〜それとFire HD 10ですかね₍₍ (ง ˙ω˙)ว ⁾⁾,こちらこそでございます！ところで、いきなりですが・・・・ご友人は金塊が欲しいそうですが、シエルさまは、最近アマゾンでю┐￣ε￣)ﾎﾟﾁっとしたい！というのはありましたか？ET#,conv_56649
Online AND over the phone,"We're here to help, sorry for any inconvenience! With Twitter, we're unable to access account or order information. To learn how to resolve a declined payment, click here: ^JE",conv_67247
"Yes, try dialing 180030009009, select any option, IVR would say use the app the call will disconnect.","That seems odd. Any particular error, you are seeing? Do let us know. ^CB",conv_23065
"Still not despatched, can you check what the delay is? This is the second problem I’ve had using prime next day delivery","Hi Sian, orders are often dispatched &amp; delivered on the same day, as our carriers deliver until 9pm. ^TS",conv_18776
No resolution provided.. Thats again a regret msg nothing more.. I need my products,We've sent you an email on this. Please refer the same. The resolution provided is the best we could offer in this case. ^HK,conv_16955
I have already given the order details you moron...what are u not able to find out...go figure out yourself...stupid ass,correspondence &amp; reply? I haven't seen any details with your name or Twitter handle till now. 3/3 ^MJ,conv_16614
"No I don’t as there isn’t a safe place to leave it, outside my house for anyone to steal definitely isn’t a safe place!","I'm so sorry for any trouble! Do you have a safe place for your deliveries set up? If not, you can select one to prevent this from happening in the future: ^BL",conv_86292
"I contact your customer service daily and they only promise to resolve the issue in 24 hours, it's been 12 days now!",I'm sorry that your pay balance is not reflecting on your Amazon account. Let us have a closer look at this. Please contact us here: &amp; we'll help you. ^SF,conv_99988
I'm currently speaking with duracell as I think they are counterfeit batteries personally,I'm sorry for the frustration! Have you looked into our return options? You can do so here: ^AC,conv_34113
No package.,Hi Mark! Deliveries will run up until 21:00. Let us know what happens. Chuck H,conv_7146
Arriving today. That's all it's said since this morning. My mum is waiting in as is still waiting. Just a rough time frame would be kind,I'm so sorry! We don't have access to order information via Twitter. What does the tracking show here? ^TK,conv_15928
I have replied to that mail but there is no response from the team.,"I understand your concern regarding the installation of your product. Twitter being a social platform, we do not have access to your account. As informed earlier, kindly reply to the email you received from social media team for further assistance. ^MO",conv_59601
any idea when your issue will be sorted? #morrisseytickets,Sorry to see this Melissa. Please use this link to get in touch and we'll help: ^RL,conv_21218
"Es vuestro y me consta en la pagina que llego al destino a las 20:30 de ayer, es decir ASM y que hoy estaba en reparto.","Cristina, ¿el producto es vendido y enviado por Amazon o por un vendedor externo que utiliza nuestra plataforma? ^LC",conv_84740
Feedback? Are you kidding me? Where is my money and the package...bloddy idiots I am the prime customer and I want the shipment to be delivered rite now...I don't care about ur internal review...get me ur escalation point of contact to call me,on this as feedback with the team internally for a review. 2/2 ^OS,conv_16645
well since my item was already delivered they were trying to give me the refund back at that moment but my refund wasnt processed yet so they could not give it to me and they said that i have to wait till it gets checked through then i will get my refund should be with another,"So sorry for any inconvenience! When you spoke with us about your refund, what insight/information was provided? We'd like to help in any way we can! ^BL",conv_87883
"C’est pas faux, on a pas l’habitude au soleil dans notre département , la pluie et notre seul alliés lol vous pensez à tout 😋 indice 50+",Vous avez oublié un truc super MEGA important : la crème solaire 🌞,conv_56027
Your overcharging made my account to overdraft and now my bank is slapping me with a $35 overdraft fees... I expect you can fix this!,"Hi, sorry you've had trouble getting in touch! Do you see one order, or several here: ^TS",conv_28081
Exemple d'article : Mais aussi les Kindle : Tout les Prime apparaissent au 28 Novembre au plus tôt !,"Bonsoir, L'article est-il éligible à l'abonnement Prime? Pourriez-vous me fournir le lien qui mène vers sa page détaillée. ^MD",conv_91312
"I’ve sent an email, I would like someone from management to call me tomorrow at noon. I am far too angry at the moment to talk to you.",Let's talk baout this in real time. Please call or chat with us here: ^BA,conv_47338
"Tudo correto. Endereço normal, onde resido e já recebi diversas entregas da Amazon, sem problemas. CEP correto no cadastro.","Laís, você já verificou as informações do seu endereço na sua conta?. ^NB",conv_94459
why did no one just say that? 1 phone call 3 emails and all these tweets and not once did anyone say that. Worst customer experience ever,I do understand your frustration. Once a package has shipped we are not able to cancel an order. You can refuse the package when it arrives. ^DJ,conv_62740
Yes I've already contacted my bank and they are saying.. no such transaction we can see from Amazon,Sorry that the issue is still pending. May I know if you've contacted your bank &amp; filed a charge dispute? ^EM,conv_16591
I've no idea who,So sorry about this! Who is the courier delivering your parcels? Have you reached out to them for further insight on the delays? Let us know. We're here to help. ^AX,conv_75001
Updated delivery date was yesterday (not sure why it wasn’t Tuesday) but still nothing. Carrier appears to be AMZL US. Tracking#TBA570338285000.,"I'm sorry you haven't received your item! Were you given an updated delivery date? If no, can you please provide us with the carrier, found here: ^AC",conv_72383
After the mechanic diagnosed one part defective we paid more than $700 in travel and repairs to replace the part we purchased from Amazon.,"I'm sorry to hear about this! Without giving any account details, can you provide more information on the issue? ^JS",conv_82229
I've tried that 'request a call' twice previously and simply been passed on to another dept who weren't able to resolve. It's down to to sort out &amp; they won't. have resolved similar UK issue tho. Wd be simple for to sort,I'm sorry about this poor experience! We certainly want to assist you with this matter. We'd like to take a closer look into this for you with detailed information from you. Please reach out to us here so that we can further assist you: ^GP,conv_56216
done. Hope someone helps and just doesn't give us false promises this time🙄,We'd like to check this for you. Kindly share your details here: and I'll look into this. ^SG,conv_56231
"Yes I believe so, I've asked for someone to contact me. They have reordered a new fire tv stick which I will receive Monday but only after pressing them for over an hour did they do these two things!!! It should not be this difficult to be an Amazon customer!!!","We'd still like to assist. To clarify, was customer service able to report the Fire TV Stick as lost? ^SJ",conv_94488
"Quem está no período experimental do kindle unlimited pode assinar por 1,99??? Não tô conseguindo","Olá, Ariana! Saiba que todas as nossas promoções serão anunciadas no nosso site e redes sociais. Fique de olho. 😉👀 ^NB",conv_97425
"Hi, I fill your form already, thanks~",Hi please contact us here: and a specialist will look into it for you. ^AS,conv_15084
,"I'm sorry for any frustration! Can you please provide us a bit more information? Which subscription ended? Have you been able to re-active it? We'd like to help, if possible. ^ST",conv_98136
iPhoneですがアプリ以外で視聴する方法ありますか？,こちらの作品でしょうか。PCやスマホ等からご視聴いただけますがご利用環境を教えていただけますか？SK,conv_98708
Is this some kind of a joke where you keep giving new deadlines everyday?? Why promise guaranteed delivery if you can’t deliver??,Sorry to know about the delivery issue. Did we happen to miss estimate as mentioned here: ?^KA,conv_12368
I was able to get it to work on IE.,"Thank you for contacting us. We are here to help, Joedee! If your Shopping Cart is empty or items are missing from it, it is likely that you are not logged in to your account. Learn more here: Let us know if this helps! ^SC",conv_70784
Thanks for the quick response!,"Hi, unfortunately, I can't see into your Amazon account via Twitter. Please use the following link to get in touch with my colleagues from the customer service: ^AM",conv_55943
How many times will the pick-up be rescheduled?,Sorry for the delay in pickup. Kindly contact us here: and we'll get the pick up done. ^SY,conv_11800
"That really sucks :S Oh well, here's to hoping you fix this in the future ;)","Thanks for reaching out to us! Gift cards purchased on the .com site can only be used there. Should you want to purchase from the co.uk site, the gift card would need to have been purchased from that particular site. ^AV",conv_68894
The item doesn't appear on that page 😬,"I'm so sorry the gift surprise was ruined! I completely understand your frustration. If you could, provide packaging feedback here; ^AV",conv_60541
Grata. Procuro parceria para divulgar pq meus leitores não tem costume de ler ebook. Se tem como anunciar os livros ou divulgar via Amazon,2/2 informação sobre outras oportunidades de negócios aqui: ^VM,conv_16992
"Yes ,maine bhar diya ha",May I please know if you have filled your details through the link provided earlier? ^SH,conv_15660
That link doesn’t take me to a direct email add. I want to know why I pay £80 for a service that I don’t benefit from.,Sorry to hear that. We'll be happy to look into that for you. Please reach out to us here: ^RS,conv_18338
Its very headache so please pick up from your hand. I dont pick up any charges for courier so please arrange from u.,"I understand that you're upset, Dharmesh. Could you confirm, submitting your details using the link shared earlier? ^MP",conv_14801
Thanks. Just sent.,"I understand you've had to contact us repeatedly to have this addressed, and I'm sorry for the frustration this has caused. I'd like a member of our team to make sure the appropriate action is taken. Please provide us with your details here: ^NS",conv_77520
"Oui il est trop mignon xD il s'amuse comme un fou olala, j'aurais intérêt à ranger le tunnel la nuit si je veux pas qu'il m'empêche de dormir !","C’est trop mignon, Kuro est adorable 😍😍 Il a l’air de bien s’amuser, mission accomplie 😜 ^BR",conv_58502
( ﾟ∀ﾟ︎ )こりゃあ〜すげえや！！,とんでもないです！ﾑﾌﾌ(*＾∀ﾟ)ъ EK,conv_56646
"I just want to return this, pls raise my concern. Not able to do this from my end. Dont expect anything from my end. If this not done then i will make sure will not buy anymore from","As per the screenshot, the item in picture isn't eligible for return. You can refer to our return policies here : Appreciate your understanding here. ^CB",conv_58373
I need help. I still don’t have my package and UPS is not helping. They claim to have attempted delivery even though I’ve been home waiting for this package. This happened both yesterday and today. I don’t know what to do next. I’m beyond frustrated at this point,"Hello, Jo. Thanks for reaching out to us today. Are you still having trouble with your delivery? ^FJ",conv_73881
Thats the thing I told customer service. I created a new email address for the Prime trial and forgot it. What can I do so I'm not charged?,Canceling your Prime membership can be done here: You'll be shown your estimated refund there. ^SK,conv_1108
I cant login to the amazon acount.but my money stuck in the accoibt,account please reach out here: &amp; we'll forward to the concerned team to help you further. (2/3) ^BS,conv_22548
Cant reply to ur emails as these are aotomatic mails. And this is the only way to contact and where i getting proper reply.,"The issue is being looked into, I would request you to keep a check on your e-mails and respond to the correspondence when needed. ^KK",conv_51785
"This is like an everyday task with The agent calls and when asked to come in the allocated time a lot, reschedules the pickup","Kindly wait, we'll be contacting you with an update soon. Appreciate your understanding. ^ZH",conv_23987
わざわざありがとうございます、確認したところ架空請求でした。,Amazonを語る迷惑メールが出回っているようです。参考までに、正式なメールかどうかの識別方法については、こちらのヘルプページをご参照下さい。 EK,conv_51802
I've already waited a week!,Did the e-mail suggest waiting 36 hours to allow the carrier to deliver? For more info: ^TK,conv_25150
Know Amazon and buy products that Amazon will help his consumers in any conditions,"I understand your concern, unfortunately we cannot arrange a return as already mentioned. Kindly self-return the order. ^ZH",conv_13674
Now staring 30.11.17 to 05.12.17 #rubbish,"Hello, I am very sorry to hear this. What is the latest tracking information available for your parcel? Have a look here: ^CR",conv_60640
わざわざ返信してお知らせしていただけるとは…ありがとうございました。もう少しの間待ってみます,コンビニ・ATM・ネットバンキング・電子マネー払いのお支払番号は、ご注文の出荷準備が開始されるタイミングで発行されます。出荷準備開始後は、注文履歴の「領収書／購入明細書」からお支払い番号を確認頂けます。発行まで今しばらくお待ちください。 EK,conv_55964
Kindly organise for the pickup at your own sweet will. This shows the lax system and pathetic irregularities within your systems and people,Kindly share the asked details via the link shared. We'll check this for you. ^SG,conv_23964
I cannot see the discount on the payment page.,"I understand your concern regarding the No cost emi. The interest amount will be offered instantly once you place the order. However, the card issuing bank will continue to charge interest on the transaction. (1/2) ^GD",conv_65593
Thank you. Any way he can do this by speaking to a human on the phone?! He’s 79 and not great with online forms! Thanks for your help...,"I'm sorry he hasn't received his book. In this case, I recommend filing an A-to-z Guarantee Claim: ^TG",conv_26271
Your team only asks for 24 hours,Sorry that this is taking longer than expected. The issue is being looked into. I would request you to keep an eye on the e-mails and respond to the correspondence sent by the team. ^KK,conv_99970
I’m just confused as to how a Speaker is Restricted?.. Is this exclusive to Amazon or will I be able to find it in stores upon release?,"Hi Chris, some items aren't available to be delivered to Northern Ireland. You can find out more about delivery restrictions here: ^PJ",conv_59611
"It's ok....I understand...I just don't think you should say it's 2-day shipping, that's all. :)","Hi there! This is our busiest time of year, and unfortunately that slows everything down a bit as the carriers struggle to keep up. I know it's frustrating, and I sincerely apologize for any inconvenience this may cause. Do you have a specific package that is late? ^SP",conv_76790
Shared but no results of that. Fighting from past 3/4 months now.,Sorry for the trouble. Please share your details here: &amp; we'll get in touch with you soon. ^BS,conv_22581
Is that a 24 hr line,"I'm sorry about the link. For a faster response, contact us by phone here: without signing in. ^BE",conv_8828
si ese fue cobrado y en el correo disen q en 15 dias aviles me hacen el rembolso,"Grafo, en este caso ¿el pedido cancelado fue cobrado?. ^NB",conv_50257
Ive done that but it only gives me the option of the 1 months free trial and then £9.99 a month after. No way of clicking on the linkyousent,"Hey, Ben! Please try saying ""Alexa, try Amazon Music Unlimited."" You can find more information here: ^LA",conv_46152
No,Did you get any email confirmation about this return? ^KM,conv_24768
"Basically, my local UPS hub randomly holds my packages w/o notification. Last month, a prime order took 6 days because I couldn't go get it","Sorry about any delivery trouble. Without posting account info, can you tell us more? Are you currently having trouble? ^LI",conv_45684
"Il s’agit d’Amazon Logistics, mon adresse n’était pas assez précise, je pensais être livrée dans ma boîte aux lettres, le livreur a été impoli au possible pour me demander le numéro de l’étage et la porte...","Bonjour, désolée d'apprendre cela 😓 Pouvez-vous nous expliquer la situation s'il vous plaît ? Il s'agit de quel transporteur ? ^MA",conv_76627
I was told for the past 3 days to check my local office because I shoud have the items by now,"I'm so sorry to hear this! When you contacted us, what information or options were given for these orders? ^TH",conv_21221
I did for the first chat with Ashish and left positive feedback. 👍🏻 Chat with Shruti did not give me the feedback option.,"Glad to hear that, Kristopher! Did you receive a feedback survey at the end of your chat? ^TI",conv_79059
Yeah it’s this,I'm sorry you haven't received the book yet! Would you be able to link us to the book you pre-ordered? ^DD,conv_46164
No idea what this is. It has never happened before it either goes to a neighbour or I get a calling card through the door. Regardless on the front of the house in full view is not a safe place. So why was it out there?,"I'm sorry the order was left out! Just to make sure, are your unattended delivery preferences set up: ^EP",conv_95368
Link is not getting open CEO,Could you please fill in your details again in the link sent by my colleague 'SP' here: ? (2/2)^KH,conv_53224
amazon logistics,Who was the courier that was assigned to delivery your order?^SM,conv_87926
"That worked... but it's now reverted back to only allowing Express Delivery (Monday). Have deleted and re-added my address again, but this time it's not allowing Sat/Sun delivery.",Hi Gavin! Please remove your default address then re-add it in Your Account - Then re-confirm weekend delivery is allowed on the delivery preferences for the re-added address. ^CN,conv_91347
It said it was coming last night and then it said it was coming again tonight so I'm confused??? Still it has not arrived yet!,I'm sorry your order is taking longer than expected! Have we missed the delivery date shown here: ^BN,conv_98765
It says by November 3rd at 8 pm. I am just getting worried because that’s 2 days away now.,"Have we missed our expected delivery date here: Please do let us know, we're here for you! ^JE",conv_44132
Lo que me preocupa es el pedido y mas que nada el dinero si en dado caso de que no llegue :c,"Te recomendamos revisar la carpeta de correo no deseado para que verifiques si has recibido el correo. Si no lo has recibido, por favor contacta al correo electrónico que encontraras en el siguiente enlace: ^AA",conv_41521
No,"Apologies for the bad experience. Could you let us know if you've received a correspondence from us? If yes, you may reply to the correspondence sent by us for further help. Appreciate your patience and understanding. ^AK",conv_64249
It's not fair though. Why pay for something then not get the service. I have cancelled the order and cancelled my membership. I won't be shopping with Amazon again and I will letting my family and friends know who also are prime members!,"Hello, Ashleigh! I'm very sorry to hear about the delay! Delivery dates may be slightly extended than what you're normally used to seeing. More about this can be found here: Keep us posted on the arrival! ^WB",conv_60577
Pode deixar 👍,Depois nós conta o que achou do livro. 😊 ^DA,conv_16246
"immer noch nicht da, obwohl mir in Amazon Antwort versprochen wurde, Hermes aufzufordern schnellstmöglich zu liefern, wie gesagt Prime Kunde und Geld abgebucht. Das ist nicht mehr witzig!!!","Super, dann melden sich die Kollegen bald bei dir zurück. Liebe Grüße ^AN",conv_62773
I chatted with Melwin. They assured me that the package would be delivered and that I would receive an email from them. Neither happened.,Do you mind getting in touch with us so we can look at our options together? You can do so here: ^DY,conv_67274
Was delivered by Amazon Logistics! Don’t have time to inspect it thoroughly now. Box clearly shows it’s a telescope and has a ‘This way up’ label in it. Mad beyond belief about this!,Oh no! Sorry to hear this. This is not the service we expect from our carriers. What carrier delivered the order? Is the item damaged?^ES,conv_72357
It’s a functional issue with your website and the Store Card that your reps keep blaming on your bank though it doesn’t have anything to do with them.,"Your responses are answered by actual Representatives, not bots. Without disclosing personal info, can you provide more details about your issue or concern. We cannot access account info via Twitter but will try to help in any way. ^SH",conv_91356
"Nobody has called till now, why are you sending fake replies",email ID. Kindly check it here: 2/2 ^RS,conv_8860
"J’ai commandé lundi deux produits, bénéficiant de Prime j’ai opté pour la livraison le soir. Ils ne sont jamais arrivés.","Bonjour, pourriez-vous m'expliquer davantage la situation s'il vous plaît ? ^FA",conv_17925
I’ve managed to do it now,"You should be able to tap/click on that link. If not, can you please use another device to see if it works? ^RL",conv_20869
ご返信ありがとうございます。問い合わせさせていただきました。ご丁寧にありがとうございます。,ご迷惑をおかけしております。状況をお調べした上でご案内させていただきますので、恐れ入りますが、以下のリンクよりカスタマーサービスにお問い合わせください。 TN,conv_23549
Todos los regalos de Navidad y otros para mi,"¡Hola Alex! ¡Nos encanta poder ser parte de estas fechas tan importantes para ti! 🙂Cuéntanos, ¿Que has comprado últimamente? ^PC",conv_96153
To whom I have to write back mention the id I will write what you want,We wouldn't be able to offer or provide further insight till we receive your write back. We don't have direct access to your Amazon account. Appreciate your understanding here. ^CB,conv_59636
"Thank you but I just spent 2 hours on the phone with the Customer protection department and they can’t guarantee my money back but gave me the email to contact the fraud department. It was digital merchandise and according to your restrictions, a guarantee claim won’t work.","Oh no! We'd like to help in any way we can. You might be eligible to file an A-to-Z Guarantee Claim. For more information, please click here: ^NM",conv_84846
お忙しい中、丁寧にありがとうございます。 申告窓口へ報告します。(｀_´)ゞ,(*´-`).｡oO(ご存知かと思いますが、当サイトからのご請求ではございませんので、ご連絡されませんように。。。) また、携帯大手3社をご利用の場合には、迷惑メール対策として、申告窓口を設置しています。今後受信しないためにも、各窓口へご申告ください。TY,conv_7999
Très bien. Merci.,"Je vous comprends parfaitement et vous m'en voyez navrée, afin que l'on puisse effectuer de plus amples vérifications à ce sujet, je vous prie de signaler cet incident à notre service client s'il vous plaît.",conv_77501
I have done TWICE palmed off once no reply other,If there isn't an update there then please reach out to us directly so that we can look into this for your. You can do this by clicking on the following link: ^KI,conv_51908
Delivery guy said he'll be running late,"I understand waiting can be tiresome. However, please be assured that the packages will be delivered by the end of the day. Do keep us posted for further concerns. ^BV",conv_64120
"Already got it taken care of, amazon looking like eBay 2.0",I'm sorry for the mix-up! We have a return process that will provide your available options here: ^AD,conv_33412
Nd they want fax id proff.but i have different adress on my id proof,"Apologies for the hassle. As the account is on hold, you should have received an email from our specialist team. ^HN",conv_22530
Still nothing. Package now two weeks late. How patient do I have to be with an issue I brought to you two months ago?,We are still working on this! Please be sure to check your e-mail for further updates. ^ZW,conv_22062
I already completed that servey and provided poor feedback.,Feedback for your complaint can be directed to our leadership via the email survey form you received after the contact. ^EM,conv_23054
I already called u guys and explained the issue but u guys told me that u guys are not reliable for your application glitches,"Sorry to know you've received a different product, Falguni. Please reach us from here: we'll check your details and assist you further. ^SV",conv_84821
Trovato! Grazie :),"Nelle impostazioni del tuo Kindle, su ""Avanzamento"", trovi l'opzione ""Pagina nel libro"", selezionabile a seconda dell'ebook. Per saperne di più, clicca qui: A presto! ^MP",conv_67120
चोट्टे,Kindly reach out our support team here: for more details on account closure. ^MK,conv_3853
"Sim! Principalmente quando olham minha estante dizem ""nooossa você já leu quantos desses?""",As pessoas costumam te perguntar quantos livros você já leu? 🙊 ^VL,conv_26787
I have filled the details,"If you haven't received any email, please share your details here: and we'll get back to you. ^HD",conv_6676
non juste qu'une enquête est en cours et qu'il faut attendre jusqu'au 4 décembre,Le service client ne vous a fourni aucun détail/explication ou solution concernant votre demande? ^FT,conv_62688
your company's reputation by doing business with unprofessional postal services. Courier: Amazon Transportation Services Tracking #: 521691347415,"We are sorry to hear about your experience with the delivery associate. We'd like to take a closer look, request you to share your details here: and we'll get in touch with you. ^VH",conv_69062
"Have u gone mad, how many times shud I reply to emails? Jus provide me email ids or else I will complain in consumer forum for mental harassment.",We apologize for the inconvenience. Please reply to the email you received previously from our team and we will get back to you at the earliest. ^BV,conv_26298
,we'll re-check the details and get back to you soon. (2/2)^SU,conv_22510
I already sent an email but thank you anyways!,Sorry for the delay in delivery of your order. Please report this to our support team here: and we'll look into this. ^SD,conv_95662
It is going to be a credit on my Amazon account. No bank no cc,Hello! It generally takes 5-7 business days for your bank to process your refund after we received the return. You can track your return here:,conv_64011
"I am not going to do anything more. If package not recd by nov 8,2017 then I will revert",Sorry for the trouble with the delivery. Kindly drop in your details here: and we'll work on it.^NS,conv_13918
Not upload winner list of LGQ6APPQUIZ on 30th nov,"That's quite a negative comments, Ashok! Did we miss out on announcing the winner list for any contest? You can find the winner's list of the contests here: ^SF",conv_52008
read what i wrote. amazon india is listing pantry products under prime. and pantry does not have free prime shipping.,"I understand your concern regarding shipping fees, Sushubh. Please click here: for more info. ^HD",conv_46183
It hasn’t arrived by the new estimated delivery date and you haven’t been responding. Care to help yet?,"Please keep us updated, Brady! If it hasn't arrived by the new estimated delivery date let us know. ^LA",conv_70696
Thank you but I am going to order from another supplier which guarantees delivery and cancel my Prime subscription.,Apologies for any inconvenience. You should experience no further issues with your new order. ^TS,conv_18795
i better stop ordering from and start ordering from elsewhere. there is no more time commitment or customer satisfaction left,"That's quite a remark, Sidharth. Did any of yours concerns regarding your recent orders went unaddressed? ^NK",conv_25168
"Si il y a de la place, je les prends 😊 oui bien sûr ce sont mes petites et pas de soucis","Alors, les bouts de chou sur votre photo de profil sont de la partie aussi ? 😃 PS : Ils sont trop mignons 😍 Ce sont vos enfants ? Désolé pour ma curiosité ☺️",conv_56021
Des informations partielles et contradictoires ... aujourd'hui chez Chronopost on me dit que le colis est tjs sur la plateforme amazon. chez Amazon on me dit qu'on doit attendre demain pour faire une nouvelle commande/envoi. 3/3,"Bonjour, pouvez-vous m'expliquer votre problème?",conv_64099
"Called - they have been absolutely no help whatsoever. They have already tried to deliver today, outside of the times I specified, and will now try and deliver again but cant gaurantee it will be in specified time. What’s the point? You missed the original NDD, you need to fix it",We understand and value your time. Please connect with our support team from here and they would do the needful to get the package delivered when you are available to collect. ^KK,conv_54703
Normalmente é qual livro to lendo kkk,As pessoas costumam te perguntar quantos livros você já leu? ^VL,conv_26828
"Não, quando eu tento devolver um livro eu recebo a mensagem ""livro devolvido"", mas assim que recarrego a página, o livro ainda está alugado","Oi L L, você recebe alguma mensagem de erro ao tentar usar o Kindle Unlimited? ^LG",conv_47997
I did.,"Hello, by providing your information via the secure link given above, we will be able to look into this issue for you. ^AR",conv_46739
"The tracking indicated as here, and then, it seemed to go back in time, saying it was not here anymore. I believe it's USPS","What does the current tracking indicate? Also, who does the tracking indicate as carrier?: ^VB",conv_7148
Shallow words of a company that couldn’t give a damn,"Hi, we would not have access to your account/order details via Twitter. We would have to ask that you use the link provided so we may attempt to get this looked after as soon as possible. Once again, apologies for the inconvenience caused. ^CR",conv_51978
"ok, je m'excuse mais je me retrouve avec les mêmes options : commandé à un tiers contacter le vendeur ... on tourne en rond",Vous pouvez contacter le service client de amazon.ca depuis le lien suivant: . ^ASZ,conv_26774
Ok NOW I have a problem. An order was originally by yesterday and now it is saying any time before NEXT Saturday. If I knew it would be this much trouble I would have bought it in a shop because I need it. And of course I can’t cancel it now. Help?,I certainly understand your frustration! We strive to meet the date given in check out. Next-day delivery refers to transit time as some items may need additional processing. You can view more information here: We hope this helps. ^HC,conv_56130
Fiancé. Told by customer service to wait 24 hours. My fiancé has no presents to open when he gets home from work,"Truly sorry, this isn't what we intend! Without personal or account info could you tell us a bit about what's happened? ^JE",conv_36658
Do I have to share email thread of how they are treating to me.,I'm sure you will soon receive a reply from our Account Specialist team with an update. (2/2) ^SI,conv_13894
"Ok, if you guys need anything from me let me know. I have UPS proof of tracking, transactions from Amazon, and transcripts from Amazon saved. Thank you",I'm sorry for the wait. We're still investigating the situation and will get back to you as soon as possible.^PJ,conv_87869
Directly from yourselves!!,"Sorry that your item arrived in that condition, was it sold directly by Amazon or a seller?^CN",conv_58340
"Not your fault. It's the stupid (great that u responded, notice they didn't). They're always giving me my neighbor's mail too. Thanks","I'm very sorry about this experience, Robert. We'd like to help! Could you tell us more details about what's going on? ^HM",conv_9441
"Ya no necesito encontrar al amor de mi vida porque me quiero casar contigo, Amazon. O no.","¡Hola, Oscar! Muchísimas gracias por tus comentarios, hacemos siempre lo que esté a nuestro alcance para satisfacer a nuestros clientes. Nos alegra leer que tu problema se haya resuelto. ^LC",conv_94465
It was a great help from ur side with ur pre scripted n repeated answers n yes for delivering a soap in d packet of phone.,"Thank you for your understanding. As informed earlier, ensuring the security of our customer's account information is our top priority and we never want to take any chances. Do keep us posted for any further concern. ^AM",conv_99998
"To be clear, this isn’t 3 items. This is 3 multi-item orders. All delayed now. And judging from your fb mentions, I’m far from alone. 😕","I'm sorry to hear of this, is there a note on the tracking saying why it is delayed? ^KI",conv_70794
,"Bonsoir, désolé d'apprendre cela. Que mentionne le suivi de votre colis ? ^KD",conv_86329
"Done. And I don't appreciate feeling harassed or having to defend my order, especially when I've had orders delivered before.",Hover over Need More Help and select Contact Us. (2/2) ^DG,conv_48069
"Not anymore, I canceled the item that was going to arrive after the cutoff.",Do you currently have any packages that have been delayed or haven't shipped yet? Please reach out to us for assistance if you do. I know it's frustrating and I offer my most sincere apology for any inconvenience. (2/2) ^SP,conv_72208
"Too long to write but when I called it was more of a friendly inquiry and when I hung up I was downright confused, angered and don't know if or when my order will arrive at this point. Horrible call.","I apologise for the bad experience.We would love to help you out with this, but can you just give us a bit more info first. Thank you.^SM",conv_57346
Acabei de comprar o Kindle 😍,Olá! Você já sabe o que vai comprar? 😍🎁 ^JJ,conv_89920
I think I am talking with ROBOT..only copy paste line I received.. my biggest mistake to purchase from #Amazon ..,I get your disappointment. Request you to reply to the email sent by our social media team and we will respond on the same. ^GK,conv_17499
Directo con Amazon,¡Hola! ¿Hiciste la compra directamente con Amazon o con un vendedor? ^NP,conv_91352
"Bonjour, mon problème est qu’on ne m’a pas livré mon colis mardi (alors que j’étais à la maison), qu’on m’a demandé de reprogrammé, ce que j’ai fait pour mercredi, j’ai attendu toute la journée sans pouvoir sortir, pas de message, pas de livreur, qu’on me dit que j’étais absente","Bonjour, Rencontrez-vous un souci avec une livraison en cours? Pouvez-vous nous expliquer davantage la situation je vous prie? ^SA",conv_60636
Antes era um link exclusivo para quadrinhos e até alguns nem havia preço ainda.,2/2 Te apresenta algum erro ao realizar o filtro? ^DA,conv_33516
It was supposed to be delivered today and now it's saying rescheduled due to customer request. And I have not request anything,What is the most recent delivery estimate shown: ^SJ,conv_30082
Just let the user know what charges might apply when a change is made. As simple as an alert. #UX #CustomerService #CustomerExperience,(2/2) Benefits may differ from site to site and aren't transferable. I will forward your feedback regarding this. ^MI,conv_49304
I still don't have it 😭,Oh no! I'm sorry to hear you've had a poor experience with one-day shipping. Can you tell us if you have current package you're waiting on? ^KH,conv_96157
"Lo mío ha sido un tuit sincero, sin ironía.","Hola Gerardo, ¿has tenido algún inconveniente con la entrega de tus pedidos? ^MZ",conv_73874
I am busy now . By Saturday if don't get replacement product! I will share the entire incident in all major platforms.so that people aware about fake product sold at Amazon,I'm sorry to know that the resolution provided wasn't as you expected. Kindly respond to the email sent to you by the Social Media team and we'll take this up further. Appreciate your understanding. ^EM,conv_56099
merci pour votre réponse,"Bonsoir, cela n'est malheureusement pas possible. Les prix dépendent de plusieurs critères. Merci pour votre intérêt. ^MH",conv_93271
10 hours ago.,Can you tell us when this information was submitted? Account Specialists can take up to 2 business days to investigate an account when the information has been sent. ^EZ,conv_3870
Spoke to the delivery guy said he'll be here in 2mins but it's already 15mins!!,I'm sorry your facing the delivery issues. We deliver the packages till 8pm. I request you to kindly wait till this time frame. Do keep us posted for any further concerns. We're here to help. ^HS,conv_64115
Can I expect resolution from the boss,"I understand your frustration, Sumit. You should've received an email correspondence from our team. Please reply to the same for further assistance. Please don't provide your details, we consider it personal information. Our Twitter page is visible to public.^MK",conv_98781
Not received any email,"Hi, you should have received an email with an update over your account. We will not be check this for you. ^RW",conv_7980
i have ordered using amazon pay balance for first time and cash back of 20%is not credidted to account since 15days,I'm sorry about the unpleasant experience. Could you please let us know what went wrong so we can help you? ^GD,conv_67259
"Ok, merci :)","Votre commande est bien expédiée. La livraison sera effectuée d'ici le 15/12 au plus tard comme indiquée. Pour en savoir plus, je vous propose de contacter le vendeur directement via la page suivante : ^SB",conv_51969
Yes. All week. Utterly useless. Two now been stolen,So sorry to hear about the issue with your delivery! Have you already contacted us regarding the missing TV? ^GS,conv_84135
"Yes, reported every one of the above. Multiple times &amp;requested a reason for 'failed to deliver'. Had 2 products re-ordered twice, but most just get a 'refund' notice- no further action, usually a week or two later after being PROMISED it will be delivered 24-48 hours later...","Oh no! When an order misses the delivery date, have you reported it to us? If so, what options were we able to offer? Please be sure to let us know! We're here to help. ^TG",conv_70565
"Bom dia, um dos itens estava por encomenda e não recebi nenhum e-mail informando do pagamento","Bom dia Estela! Entendo, neste caso pode por gentileza, nos informar se todos os itens no seu pedido estão no estoque ou se você tem recebido algum e-mail informando algum inconveniente com o pagamento de sue pedido. ^CJ",conv_51875
Gracias! ;),"Cyrius, puedes contactar con nuestros compañeros directamente a través del siguiente enlace: Si necesitas asistencia adicional, no dudes en contactarnos. ^LG",conv_73745
¡Ayer llamé al menos 7 veces! Tendrían q ser Vds los q contacten conmigo. Muy mala experiencia!!!!,¿Has contactado a nuestros compañeros de Soporte al Cliente para reportar lo que indicas? ^DA,conv_26233
Thank you very much for addressing my concern this short notice.,416003 or 416012 are eligible for delivery in your location. Stay tuned to place the order soon. ^VM,conv_45639
¿A poco no mi Holly está bien chispa? P.D. Quiero un dinosaurio como Ruperto.,"Ivan amamos ofrecerte un mejor servicio cada día y que te sientas a gusto con tus pedidos. 😍💕 ¡Nos comueve tus comentarios hasta nuestro Ruperto no pudo contener sus lágrimas! Cuéntanos, ¿Qué has comprado últimamente? ^PC",conv_96176
Your customer executive was extremely rude and kept on insulting and disconnected the call when I told her to provide me whatever confirmation she is giving me on call in written. Why are you guys so afraid to give something in written? Fraudsters !!!,"If you have written back to us, we shall surely review the situation and get back to you at the earliest. Appreciate your patience here. ^CB",conv_65588
I've had no emails only the confirmation emails that password has been reset and still doesn't let me log in just says incorrect password,"I'm sorry to hear about the trouble, Tom! Just to confirm, have you received any e-mails regarding the status of your account? Please be sure to check spam/junk folders. Keep us posted! We want to help! ^SD",conv_84076
私はあなたに私の口座情報を伝えることができますか？可能であれば、長距離電話をしないでください。,申し訳ございませんが、サインインできない場合、チャットでお問合せいただくことはできません。お手数ですが、お電話でお問い合わせください。 SM,conv_94527
I have already contacted them since two days but issue not yet solved.,"Truly sorry about that, Akshay. Please report this to our support team here: and we'll assist you. ^NK",conv_26348
So still nothing.,I'm terribly sorry for the delay! We want to ensure you receive this package. Please keep up updates on its arrival. ^DG,conv_60664
"Bonjour. Depuis hier matin ça indique ""Votre colis est en cours de livraison"".","Bonjour, je suis sincèrement désolé du désagrément causé. Pourriez-vous me préciser qu'indique le suivi du transporteur s'il vous plaît? ^FA",conv_73915
Ok. It doesnt list the cost? &amp; wat exactly is my $3 a month pay for?,We do have the option for Amazon Music Unlimited Family Plan. For more info visit here: ^AC,conv_35123
Why do I need to do this again?,We'd like to take another detailed look at this for you. Please provide your order details with us here: ^KP,conv_92578
#AmazonIndia what would reaching out that to end of day would do..Better try to get this atleast delivered today. That would be more helpful,I'm sorry for the stretch. We're working on the issue and will reach out to you end of the day today. ^AP,conv_28026
"nossa, nessa black friday foram uns 10 📖❤️","Eita, quais livros você comprou Ana? 😁💕 ^VL",conv_73753
Check this..,Please let us know if we have missed the estimated delivery date for your order through this link: ^SI,conv_20011
"Thanks, I called. The agent says the order has been received, but not shipped. Still anticipate a Friday delivery",Please give us a call here: so we can take a look into this with you! ^TR,conv_7525
"I’m afraid I need to retract that?! After numerous emails &amp; phone calls, still not sorted! The words were great, just not the actions to follow it up 😩😩😩",So glad we could get everything sorted out! We take account security extremely seriously! ^AD,conv_53746
Which might be the reason I did not see the email. I probably did received one however I have lost access to my previous email address,Did you receive an email confirming your refund for cancelling your subscription?^PJ,conv_54600
"Day is over so your day promise,how would you compensate now? It wasn't to be delivered today, very simple reason agent's no. was not shared",into it and get back to you soon. Appreciate your patience. (2/2) ^MO,conv_26255
"1st item ($15) I was told tomorrow, the item never was delivered, ""lost in transit""; 2nd item ($630) I was told tomorrow, item showed up 13 days late; 3rd item ($50) I was told tomorrow, tomorrow is nearly over and no item. Why am I paying for Prime, nothing is being delivered??",Thanks for reaching out to us! I apologize for the delivery experiences. Were you given an update on the delivery date? Please let us know. ^MO,conv_97434
"This is what it says now, I'm not happy as I was excited to receive this today 😣","Apologies for the delay in response! We're here to help. What's the most recent tracking update for your orders? Are they still marked as ""Out for Delivery""? You can check here: ^BL",conv_89403
I’m looking to reroute all my packages (except 1) to a nearby Amazon locker. I’ll DM you now :),"We'd like to help in any way we can, Juan! I've enabled direct messaging. Without providing personal or account information, please tell us a little more about what's going on. ^FD",conv_3847
"Yeah, all of them and I still have no parcel. What's going on!?","Hey, Tom! Here's a few steps to help you find your missing parcel: Have you tried these? ^DY",conv_72275
Thanks for your help! What happens if when I hold the home button I don't get a mirroring option? See photo,Sure do! You can find some helpful information on screen mirroring here: I hope this helps! ^AD,conv_26216
"Thank you for your help. Have done exactly what you said and am no further on. Been told to order the items, then email cust services and they might issue refund. Offer ends 30th and i will get a reply in 24 hours. Very poor telephone cust service and I'm not placing an order","Sorry for any inconvenience caused! With Twitter, we're unable to access your account information. Please, allow us to troubleshoot in real time via phone or chat here: ^JE",conv_78939
I have emailed you now so will wait for your reply hopefully this can be resolved soon,"At your convenience, please reach us directly via the following link. It will enable you to skip sign in so you can report this issue to us: ^BV",conv_84073
Solo dice “en reparto” pero no tiene un número de contacto con el repartidor que es de Amazon Services 😩,Quirino al ingresar al correo de confirmación de compra te aparecerá un enlace en el cual esta el número de guía de tu pedido. También puedes utilizar la siguiente información para contactar con el transportista: ^PC,conv_3653
OK thanks anyway. I'll keep an eye out for it,We don't have access to that information. Please keep an eye out on the website for any updates. ^CO,conv_67173
et pour l'avis de passage ? j'en fais quoi ? la poste peut me filer mon colis avec ce petit bout bois ?,Je vous invite à contacter notre SAV pour signaler cela et remonter cet incident au service en charge des transporteurs. ^ASZ,conv_43582
If you can see it!,"Orders will be delivered by the estimates provided, could you please let us know if we happen to miss the estimated delivery date? Also, please don't provide your order details, we consider it to be personal information. Our page is visible to the public. ^VH",conv_75025
"Je voulais acheter l'album de Joke ""Ultraviolet"" mais il n'est plus disponible sur votre site, pourtant vous aviez assuré qu'il serait disponible le 24/11","Bonsoir, rencontrez-vous un souci avec un colis en cours de livraison ? ^KD",conv_94453
a previsão é dia 6 😥,Oi Juliana. Qual é a data de entrega do seu pedido? 🤔 ^JJ,conv_7161
I can not mention it here as it is big.,"As requested, could you please elaborate the issue so that we can assist you accordingly. ^SU",conv_26841
you completely messed up an order a while back an credited me £30. I ordered something which arrived too small. Sent back and,"I am sorry you are frustrated! Let make sure I understand, you returned an order and we credited you for that order? Am I understanding you? ^DJ",conv_86285
"So if a mistake is made, it’s fair for your customers to not be able to correct it?","Once an order is being prepared for shipment, we are unable to alter the order in any way. ^ZW",conv_87891
本当にありがとうございます！ まだ、番号のメールが来てないのですが、 ゆっくりまってみます。,とんでもないです。どうぞよろしくお願いいたしますm(__)m EK,conv_96836
vi ringrazio! Devono aver sbagliato quelli di Bompiani.,ti confermiamo che il prezzo dell'articolo sul nostro sito è quello presente al link: Buona giornata! ^AP,conv_70768
I haven't actually finished the sign up yet..,"Yes, but the way back takes a little bit longer ;) What date is shown in your account? ^AN",conv_89889
im currently on hold with the helpline...,Please reach out here so we can check this for you ^KM,conv_18352
Unfortunately it is not. How do I raise this directly?,"I am sorry to hear this, Alan. Is this the first time this ha happened? If not have you raised this with us directly?^SM",conv_58433
,I'm so sorry for the difficulty! Please call or chat with us using the link provided here: ^MH,conv_80221
"The latest package I have not yet, been told it might come today and been given a refund as well. Although seems unfair that the seller should be impacted. Previous package did arrive early next morning after I had complained to. Customer services...","Hi Sandeep, we would be getting those issues raised with Amazon Logistics if we have escalated it internally. Have you received your package since then? ^PJ",conv_91372
"Gerne, aber erst morgen wenn ok. Muss jetzt erstmal mind. 1 stange bonbons Essen!:3",Juhu! Da ist der Abend gerettet. 🎊 Zur Feier des Tages kannst du dich gerne trotzdem über obigen Link melden. Trau dich. 😄 Grüße ^SI,conv_35078
Just sent DM.,We'd like to try to help in any way we can. Will you please tell us more about what's going on? ^CO,conv_48036
"Si, linee guida rispettate in entrambe le recensioni. Si vede che la foto è troppo scomoda.","Hai verificato che la recensione rispettasse le nostre Linee guida: Mi spiace per la consegna, se non l'ha già fatto inoltra la segnalazione al nostro Servizio Clienti che è a tua completa disposizione: A presto! ^FA",conv_30068
,I am sorry for the wait! What's the latest tracking/delivery date shown in Your Orders here: ^LM,conv_19491
To order again!,"I'm so sorry you haven't received your order, despite the delivery confirmation. When you contacted us last, what information or options were we able to provide? ^JN",conv_98800
Your return pickup for 407-4463037-6609940 has been scheduled for 02-Nov between 1-4PM. Why am I called that it will be picked in next 1 hr?,"Kindly share your details using the link mentioned earlier, as we wouldn't be able to access your account over Twitter.^GD",conv_23970
Hi. This is where I'm stuck. When will you initiate the pick up?,You may track your refunds using the link: Please keep us posted. ^GS,conv_11802
"Had a response saying within next 18-24 hours... Aaarrrrrgh!!! Why is it so difficult!?! Surely you can track where it is, and where the driver is, and what the route is.........?","For the quickest assistance, we recommend phone or chat. Please keep us posted; we'd like to know this is taken care of! ^KL",conv_47368
先ほど修正されているのを確認致しました。 素早い対応ありがとうございました！,アマゾンです。こちら確認の上、適宜対応させていただきます。お知らせいただきありがとうございました。ET,conv_28638
No not @ all! I was hung up on x2 by CS &amp; was not told why/how they tried 2 deliver. Bad service &amp; Amazon basically washed there hands of me,I'm sorry you didn't receive your order. Did we specify why we were unable to deliver your order? ^CO,conv_36623
"The order normally was supposed to arrive on November 25th, then it got delayed and the date was November 28th, and still nothing","I see you have two issues, One is a delayed package. What is the tracking currently showing on that package? The other issue is a refund request on some broken makeup. Has that been resolved? ^DJ",conv_77719
I'll go ahead and post those emails,I'm very sorry for the incorrect information. Here is more info on our policies: ^ZW,conv_66277
"Très bien , merci.","Chronopost effectue la livraison de 8h à 19h, si vous ne recevez pas votre colis je vous invite à le signaler à notre SAV via le lien suivant : ^MA",conv_68983
,I'm certainly sorry the package has been delayed! Does the tracking show an updated expected delivery date? ^RO,conv_75080
Till now I have noticed it in a couple of episodes of mike and molly and also in 'the middle',We'd like to look into this for you. Could you please let us know the name of the series and the episodes which shows as unavailable ? ^AS,conv_14414
Request to pls look into the same as account team is not available on phone,I understand your disappointment. We'd like to help. May I know if you replied the correspondence from the accounts team? ^BS,conv_32539
"Si, es correos y pedí ke viniesen a x el pakete pero me pedian ke me kedase o toda una mañana o toda una tarde en casa pero y mi trabajo??",Comprendo. ¿Ya entraste en contacto con el transportista? ^CR,conv_7962
Is that a joke amazon! I CANT LOG IN TO CONTACT YOU BECAUSE THEY CHANGED MY EMAIL AND PASSWORD,"I'm so sorry about that, Alexis. When you can, please reach us here so we can better assist: ^BL",conv_8831
wht explanation would you like 2 gv now as mor order got cancelled n products r returned back after waiting 4 mor thn two weeks?,"I get you're upset. However, we'd like to get this sorted out, please share the details and we'll reach out to you. ^MS",conv_13111
Ahhh. That would make sense. Thank you.,"If the tape becomes damaged during transit, the shipper will sometimes re-tape a package so the contents don't fall out. ^MJ",conv_23942
"I can't be bothered to go into it again, it's all just too damn painful. Think I'll just cancel instead and, inevitably, buy less stuff with you as a result. But you don't care right? Just want to take it to DM so I can sh",Sorry to hear that. Can I ask what you were advised when you spoke with us yesterday?^TI,conv_56107
If I changed the delivery address now will it still be delivered today or tomorrow?,"Have you selected a safe place for your order to be delivered to? If not, it will automatically go out for delivery again tomorrow.^PJ",conv_75061
Yes i have received reference number,"number. Also, please don't provide order details, we consider it to be personal info. Our page is visible to the public.(2/2)^SF",conv_11791
"Hahaha I got assurance ,trust me it will be delivered today","Since you've responded to our correspondence, you'd receive an update anytime soon. Appreciate your patience and understanding. ^EM",conv_53306
Original promised delivery date was yesterday to this Friday.,I'm sorry that your package has not shipped! Did we miss the promised Delivery date found here: ^LM,conv_7528
"i did this same thing 2 times , why your team is not looking into this ?",Apologies for the trouble with your cashback. Have you reported this to our support team here: ^RB,conv_70603
"Yaa sir, i responded your letest concern at 3:24pm as i got the mail at 3:19pm today. Please check ur detail and correspondence. Sir, u cant understand my problem as i paid for nothing, and now also having too much headach u guys and ur team. Plz check ur mail and make my refund.",I understand your concern regarding the missing product. Kindly reply to the latest correspondence from our team and we'll assist you accordingly. ^GD,conv_57362
Pour me dire d’attendre encore 48h ? MDR ! C’est un vrai Sketch. Par contre mon argent lui il a pas attendu 48h pour être prélevé ! Je m’en souviendrais du #BlackFriday2017 chez #Amazon !,"Je comprends parfaitement votre situation, je vous prie de patienter le temps que l'agent prenant en charge votre dossier vous contacte. ^BR",conv_72226
A call back would be preferable!,Thank you for sharing your details. Be assured that we will get in touch with you at the earliest. ^BV,conv_56184
Amazon.ca,"I'm sorry about the trouble with this! We'd like to help. Just to confirm, which Amazon marketplace did you order from? ^HC",conv_50266
I was advised exactly what I said - to return the item and I’d get refunded. That was it. Apparently not a full refund as there’s no option for ‘this was amazon’s mistake’.,"Hi RIkki, I'm sorry to hear about the issues. Have you had a chance to talk to us about this? If so, what were you advised?^PJ",conv_53289
"I have replied Sir, try and understand the gratitude of this event. You are exposing yourself in bad light","I do understand, however, please revert to the same email so that we can get this sorted. ^HN",conv_8854
Package appeared! 😁 Carried out extensive door-to-door enquiries &amp; it was handed to someone in another part of the street last night. No communication - just shoved into her hands! Driver then ran off &amp; ignored her calling him.,Great we will be replying as soon as possible. ^CR,conv_65736
It's now a police matter. You could check the police report.,"We'd like to make sure this is addressed, Eric. Would you tell us more about what happened? ^AM",conv_3805
That link is re reporting a suspicious email?,"Hi Matt, really sorry about this! This is not what we want our customers to experience. Please can you contact us via this link: We would like to look into this further for you. ^JC.",conv_54676
"Hola, es que cuando hago login me manda a una página que ya leí, pero necesito hablar con un asesor","Hola, Grecia. Si gustas, puedes ponerte en contacto con los compañeros de Servicio al Cliente por medio de este enlace: ^CB",conv_86239
"Yes, products never delivered with promise time.",That's quite a remark. Could you please let us know if any of your orders are yet to be delivered? We'd like to help you. ^MN,conv_46817
Si codice tracking BA0104708903 Oltretutto non aggiornate mai la sezione traccia il mio pacco con questo corriere...per quest'ordine cosi come per altri precedenti,Il corriere era Amazon Logistics? ^EA,conv_58336
"1/2 Safe to say won't be delivered this evening How long do I have to wait? If I have to reorder which seems highly likely, Friday delivery","At times, a package can be mis-scanned. In most cases packages arrive within 24 hours. If not, please contact us back. ^AF",conv_45674
リプライありがとうございます。コミネのネオプレーンハンドルウォーマーを購入したところ左右一組ではなく左が二つのものが届いてしまいました。開封してから気付いてしまったのですが返品、交換したいのですがこの場合どうすればよいでしょうか？,失礼いたします、Amazon公式ヘルプアカウントです。当サイトのご利用でお困りでしょうか。いかがなされましたか？ SM,conv_23076
-5 out of 5 for delivery service. I didn't pay prime delivery charges that's why it's happening to me.,"I get your concern. However, packages are shipped as per estimates. Kindly wait till the same. Appreciate your patience. ^VN",conv_29652
プライム会員になって2年ほど経ちましたが初めてビデオを見ました！ 意外と便利ですね！,(*´-`).｡oO（ 喜んでいただけてよかったです・・・！） SK,conv_98101
Rcvd incomplete reply. Complaint not being read properly. It is a response about Gift cards. Query on Amazon Pay Bal. not being answered.,Please share your details from the link here: and we will assist you accordingly. (2/2)^HR,conv_20049
no e recivido nada bueno esq el pedido lo hizo mi hijo xq tiene cuenta pero la tarjeta es mia y asta ahorita no emos recivido ningun correo,"¡Hola, Grafo! ¿Has recibido el correo de confirmación del pedido completado? ^LC",conv_50245
"Yes, but I also received a new (incorrect) delivery date on Monday. I spent a few hours on the phone with UPS today, maybe tomorrow will be different. I'm not concerned with the delay itself, I am with the inaccuracy. Don't call it an guarantee if it's gonna take 2x as long.","Apologies for the delay, Barry. Some deliveries may take slightly longer than usual due to this busy period, we appreciate your patience. Did you receive a new delivery date?^CN",conv_51989
Is 15 days not sufficient for you guys to investigate a money fraud? Whats the update on my mail sent yesterday for follow up? #AmazonFails #AmazonFraud #AmazonPay #AmazonPayQuiz,Thanks for writing back to us. We value your time and money. We will update you with the status of the refund at the earliest. ^CB,conv_55976
Ouais j’ai envoyer un truc par mail.... j’espère qu’il y aura réponse.....,N'ayant pas accès à votre compte depuis Twitter veuillez contacter notre service client afin de donner suite à votre requête je vous prie via le lien suivant: ^BR,conv_79007
Possible DM pour une informations d'un produit ?,"Bonjour, les prix des articles baissent et augmentent sur notre site en conftion de plusieurs critères. Les prix peuvent être générés par des promotions de réductions de prix temporaires, des variations de prix...",conv_61604
Please tell to courier service call my number and reconfirm the address. And deliver my parcel.,"I get your concern. We'd like to take a closer look into this issue, kindly fill in your details here: and we’ll contact you soon. ^MN",conv_51958
ご親切にどうもありがとうございます。 買おうと思った商品が出品者の意向でキャンセルになり、同じ商品が出品されたまま１万円値段が上がっていました。不可解です。,ご迷惑をお掛けしております。返金のAmazonギフト券は、銀行振込による返金に変更することが可能です。ご希望の場合は、口座情報などをお伺いする必要がございますので、お手数ですが、リンクよりカスタマーサービスにお電話にてお問い合わせください。 TN,conv_7756
"jueves, 02 de noviembre🍂",¿Cuál es la fecha de entrega indicada en el correo electrónico de confirmación del pedido? ^CR,conv_50283
It was updated to 10/30 later but that was also wrong,I'm sorry it hasn't arrived! Have we missed the date shown in your order confirmation e-mail here: ^MO,conv_13648
that time u people asking tracking parcel details.,"Please don't provide your order details, we consider it to be personal information. Our page is visible to the public. ^SC",conv_10994
No I’ve been told it’s an internal investigation and I won’t know the reason why!,"Hi, is there a reason listed for the delay? You can check here: ^TS",conv_93282
Disappointing service from again delivery boy rejects to deliver my product he said do whatever u want i am not gonna deliver today and last date for delivery is today itself better to use,Please wait till the end of the day. I'm positive that the order should be delivered. Thank you for your understanding. ^SC,conv_60435
I allready replied. I clearly say that please pick up from your hand.,"As informed earlier, request you to respond to the email you've received from our team for further assistance. ^SU",conv_14795
UPS website says delayed due to unexpected circumstances. Not very helpful.,Carrier delays can be caused by different factors. Is there any further information on the carriers own website tracking? ^MI,conv_57297
Please do it fast,"I'm afraid, we'll not be able to take any action on your account once it is put on hold. Request you to wait for the email. ^HD",conv_7973
Je l’ai fait. Malheureusement ça ne change pas grand chose,Avez-vous contacté notre SAV par rapport à cela ?^AR,conv_60613
Date de livraison prévue aujourd'hui avant 20h,Que dit le suivi de votre colis s'il vous plaît ? ^SB,conv_84105
Thank you - done.,I can understand your frustration. Please reach out to us here to go over available options: ^CL,conv_10469
No updates even after 2 weeks....poor n shame on Amazon...#JeffBezos,"sent by our team and request for a phone call. Once you do so, our team will get back to you through phone soon. 2/2 ^RS",conv_12724
"Eu não vou fazer nada não pq a entrega tá no prazo, fica só o alerta ai pra vcs da transportadora inventando historinha",Oi Marcio! Sinto muito o ocorrido! Você já entrou em contato com o serviço ao cliente para reportar o inconveniente? ^NP,conv_72233
"now see 4 more Screenshot of Order ID-4__credit_card__. __email__, Reg Mob-9717597841.i am perpetually contacting Amazon to Deliver this product on High But ATS failed to Deliver.Need Token of Apology for this Rs1000 Gift","As per the screen shot shared by you would receive the order by 1 December 2017, please wait for the same. We would not be able to provide any gift card balance for this. (1/2) ^MD",conv_70777
,"Oh no, Kathleen! We want to help. Is there an updated delivery date showing here: ^LA",conv_10131
"Il est intact et marche parfaitement, c'est pour ça que je n'en fais pas tout un scandale non. Mais bon attention la prochaine fois... Le transporteur c'était : Transporteur : Amazon Logistics, n° de suivi C20028579063","Bonjour, je suis vraiment navrée que le colis soit arrivé dans cet état, j'espère qu'il est intact ? Quel est le transporteur en charge de la livraison ? ^ASZ",conv_75089
"the expected arrival and/or delivery date is inaccurate. It constantly says ""out for delivery"" and is in the city where the local post office is located but it takes days for it to actually arrive at my home. On multiple occasions it says ""arriving tonight"" but it takes days",I'm sorry for the trouble! What tracking information are you seeing on your order? Are you seeing different tracking on the carrier's website? ^JP,conv_34458
kuss auf dein kopfhörers bei callcenter,Nanana... Eure Wortwahl wird etwas seltsam und teilweise unverständlich/unangebracht. Wünschen euch noch eine tolle Nacht! ^SM,conv_38640
Saying I have exceeded number of tickets... I only want two. Others reporting this for Brighton too...,Enjoy! ^BM,conv_20850
STILL NO RESPONSE FROM AMAZON! Disgusting customer service! Should be ashamed!!,"For fastest assistance, please select phone or chat instead, as both are currently available. ^AM",conv_87812
Please call me,"When you have a moment, please phone us here: ^RR",conv_4648
Ainda hj,"Oi Alisson! Que felicidade 😍, conta para gente quando vai começar a leitura desse livro maravilhoso? ^AZ",conv_68877
I already replied on mails..no more mails...I have seen the way Amazon handled the situation...call me &amp; clear can it done or not,further assistance as we wouldn't have the access to your account from here. Appreciate your understanding. 2/2 ^NK,conv_12726
Awful experience. Finally sorted today hopefully - got hold of rep with an Irish accent. Helpful and polite. Replacement on its way.,"I'm sorry you don't have your order. Did we ask you to wait longer for it? If you need an update, call: ^MG",conv_33501
I had replied almost as soon as you posted about the email and sent it. I want to know what action has been taken on my complaint.,"If you've replied to the email sent by us, we'll check and get back to you with an update shortly. ^NR",conv_9401
"Except that isn't the case. 1 Why not? 2 Why are you sending people to The Works? 3 Why is that book in Home &amp; KItchen? 4 What do you suggest I say to Bonnier when I call their switchboard as you suggest, to find out what Amazon is up to? 5 What is the point of having Prime?",The latest information we have regarding an item's availability will be reflected on our website. ^BM,conv_17426
I went through the link thanks for the reply . But the price mentioned on the item is just 3 months old as date of import is 08/17 . That too post GST . So there is no question of the price being higher than MRP,I understand your concern. Please check here : for more details about pricing. ^NR,conv_61667
Amazon 8inch fire he with alexa,"Hi there! I'm sorry that you're having some trouble downloading an app. In order to get you to the right support team, please tell us which device you are using. ^SP",conv_82042
Lo haré. Gracias.,"Alejandro, en este caso te recomiendo contactar con nuestros colegas de Servicio al Cliente para una atención personalizada y para poder explorar alternativas con respecto a esta incidencia. Lo puedes hacer a través de este enlace: ^LC",conv_99316
C’est noté ☺️,"Moi il me reste 3 semaines 😝 Dès que c'est OK, je vous fais signe 😉",conv_56023
Your customer service has reverted saying that apparently the package has been delivered and signed by receipt my yesterday. Not true.,Sorry for the hassle. Please report this to our support team here: and we'll check this. ^HN,conv_13908
I’ve emailed as chat unavailable. Hope to hear soon,"Sadly, due to account security, we don't have any additional information available via Twitter. Please contact our customer service by phone or chat here: Let us know what they find. ^DA",conv_87807
Yes and yes.,"Hi Coach, thanks for asking about having your book featured as a Black Friday deal! Is your book part of our Kindle Direct Publishing program or Fulfilled by Amazon? ^PF",conv_99940
Ok thank for helping.,"You're welcome, Aleema. Do let us know if you need any further assistance. ^SY",conv_15057
"It was a prime product being filled by Amazon, When I purchased it on the 20th.","Hello Shaun! I'm terribly sorry for the poor experience over the phone. I'd love to help trouble shoot this with you further! When you placed the order, what was the original delivery date that we promised? You can find that info here: ^JD",conv_84753
"My situation has already been reported twice, so it's well documented there with you guys. At any rate, however, here a post of the full situation on Facebook:","Sorry to hear that. Without revealing any personal information, can you tell me a bit more about the issue?^TI",conv_75050
"No specific date. It just amazes me that I order in advance, but people on a whim can go to a shop and get it before me.","Hi, sorry to see that. What delivery date was confirmed in the order confirmation email? ^JJ",conv_59622
How this order got cancelled for 'payment declined' reason where my Amazon Pay Balance was 9300 (2500 in money &amp; 6800 in Gifts and Credit )at the time of order and 8999 was deducted? Even no refund made till now for Gifts &amp; Credit money (Rs. 6800). It's simple fraud by Amazon.,"We would our best to make things right for you. Once we have your details with us, we'll work on it right away. ^CB",conv_63988
Io utilizzo il Paperwhite :),Grazie per l'aggiornamento. I numeri di pagina corrispondenti alla versione cartacea non sono disponibili per tutti gli eBook Kindle. Quale dispositivo stai utilizzando? ^LF,conv_67118
still no action. Disappointed,Kindly share your details here: and I'll look into this. ^SG,conv_33481
"I am unable to drop you a mail through this link as there's no email id associated with this account, it's a mobile account. Facing trouble.",Please write to us from here: from the account you desire to close and our team will assist. ^HR,conv_13082
Just shared....if u can call me i will explain detaily...i will provide my number in personal message,"I understand that you're disappointed, Yuvaraj. We'd like to assist you. Please share your details through the link that was provided earlier so that we can check and help you out accordingly. ^NK",conv_60500
Salve purtroppo nessuno sa niente! Non so veramente come fare...,Grazie a te 😉. ^RP,conv_58444
"The thing is - I don’t have access to the email address my amazon account was linked to, the address was desactivated. So there’s nothing I can do from my end. Thats why I don’t understand why i was debited for a membership for an account suspended by you guys!","We're unable to access account details if your account is currently on hold. The fastest way to resolve this would be by replying to the e-mail from our Account Specialists. If you haven't received an e-mail from them, please reach out here: ^NN",conv_98026
Thanks a LOT,Appreciate your understanding. We will get this sorted at the earliest! ^PR,conv_35093
Done.Lets see know how fast you'll revert,I'm sorry to know about this. Click here: and do the needful so we can find a fix. ^MP,conv_16572
Yes they are in stock when I purchased them an still are now,Some items may take longer to process and will require a later delivery estimate. Are these headphones in stock on our site? ^WM,conv_61400
"If it's in stock, why wouldn't it ship today or tomorrow?",Free Two-Day shipping is based off when the order is shipped. You can find more info here: ^BA,conv_46713
Still the issue is open....how come its taking so long?,Thanks for getting in touch with our support team. Kindly wait till you receive an update. Do keep us posted. ^AK (1/2),conv_20046
Spoken to a member of your uk team who was very helpful (even used mayday service).,"Sorry for the incorrect link, Stu. It sure is! You can contact the UK team here: I hope this helps! ^AD",conv_33441
"I did place an order (at amazon uk though) after cancelling, but that was two weeks ago. Also I made sure to not tick any of the several dozens Prime membership buttons when ordering.","Judging by the time frame, my colleagues might be able to tell you why it happened. It's possible that the Prime membership was accidentally reactivated when you placed an order. ^LN",conv_89470
There is no timeline for this wait.. no words to say. Such a frustrating service. will Lodge a complaint in consumer court,Sorry for the stretch. Kindly wait till the mentioned time and they will get back to you with an update. ^HR,conv_39654
Want one final answer. Will be u resolve my issue or not ? Delivered refurbished device and keeping calm. Not fair at all,I get your concern. We've received your revert and we'll reach out to you soon. ^GK,conv_39656
Still nothing posted. What are the odds anyway?,"The option to notify about the Quiz contests is not available at the moment. However, this shall be shared as feedback internally. I would request you to keep a check on the application or website for all the latest updates. ^KK",conv_84067
Done that. Was told I would definitely have it by 9pm yesterday &amp; it's still not been delivered!!!!,Oh no! Let's talk about this in real time. Please call or chat with us here: ^BA,conv_7984
DAMN IPHONE WITH THE BROKEN I,Thank you for contacting us. We'd like to help is we can. Have we missed the delivery date on your confirmation e-mail? Please keep us posted. ^CC,conv_50499
Desde el 11-9. He cumplido TODO lo que me pedísteis. El hartazgo es total. Mirad mi historial desde ese día.,"Lamento este inconveniente Juan, ¿has entrado en contacto con nuestro Servicio al Cliente para reportar lo sucedido? ^AZ",conv_39607
"Yes, it is",I'm so sorry for the troubling experience! Is the product still in okay condition? Please let us know. ^MJ,conv_26795
Ahhh okay makes sense :) thank you! I hope my package comes Friday 🙌,Orders can ship at any time; once the order has been processed it will be assigned a tracking number. ^LR,conv_12075
"A person call me for pick up product for return, he reached home but due to non availability of box he told with to check with company...but he neither revert not come back.... Wat is happening?",I'm sorry to learn about the order issues; we never want you to experience this. Have you reported this to our support team here:,conv_76602
"I shared details 100 times, could u plz check details. U doing all this, and making such excuses bcoz u r #fraud. Call in 5 min","I get your disappointment. However, Twitter being a social platform, we do not have access to your account. In case, you haven't received any correspondence from us, request you to share the details via the provided earlier and we'll look into this. ^MO",conv_76804
why no response from your side?,with our courier services to have the package delivered soon. Stay tuned. (2/2) ^VM,conv_18805
Tried ordering a briefcase and have called multiple times trying to find out where it is with different answers each time,"I'm sorry for the poor experience! Without including any account details, can you tell us more about what's happened? ^ZW",conv_64015
@ amzon CEO can some help me .we are cheated by amzon and no one responding .feeling helpless,"Hey, we are following up on this. We will get back to you once there is an update. ^VN.",conv_53211
The rep said I must ship back the lens caps to the US. Is there no other way? The shipping from the Philippines is gonna cost more than the lens caps themselves. Thanks,I'm glad you've contacted us. What information were we able to provide during our chat? ^RA,conv_73844
"Thank you. Spoke with customer service who was very nice &amp; helpful &amp; put me straight through to a Competent logistics person who documented issue, researched my acct &amp; was going to contact delivery Svc directly to ensure procedures followed. Time will tell. Thank you.",Hi there! We are not able to see customer's account information here on Twitter. Please reach out to us by calling 866-216-1072 and keep us updated on the outcome! ^SP,conv_4652
1 commande par colis privé et l’autre par également par colis privé.,"En accédant aux détails de vos commandes, sinon, via les emails de confirmation des expéditions de vos colis. ^SA",conv_87909
"24 hours come and gone, but no update yet again. Do I have to call to get one?","Since you received the confirmation that an investigation is pending, thank you for your patience while the investigation takes place. ^BD",conv_53279
今までコンビニで支払いが出きるという支払い方法でAmazonさんにお世話になっていたんですけど、選択画面にその支払い方法が表示されなくて、色々いじってみたんですけどどうにも……！,おはようございます！(＾◇＾) Amazonのお支払い方法にて、何かお困りでしたか？TY,conv_3828
"I am contacting Amazon since 28/11/2107 but no one helps me. I purchased a mobile on the said date, my Amazon Pay balance deducted but order cancelled, I am still waiting for refund",We would like to help you. Please share your details with us here: We'll get in touch shortly. ^CB,conv_63984
Yep,Did you select Release Day Delivery at check-out:,conv_26752
"What should i do in this page, You people here just to upset your customer #UNINSTALLAMAZON",I would request you to please revert to the email correspondence from our team here: and we'll be glad to help you. ^SI,conv_61563
"Schon erledigt. Bekomme ich denn direkt Ersatz zugeschickt, oder muss ich den Artikel erst an euch senden?",So sollte dein Steelbook natürlich nicht bei dir ankommen. :( Du kannst das direkt hier reklamieren: ^SI,conv_33423
Sir pls update ur page abt prizes !! Or it seems to be a gimmick for us..,"Sorry for any hassles, Kaushik. We do have prizes for the contests, could you elaborate on your concern? ^MS",conv_22573
That’s not what he said. He tried to make excuses as to why the driver had left it there. (Raining etc) it’s completely unacceptable,I'm sorry for the poor responses on the call. When these types of issues are reported our carrier does investigate this internally with the driver. ^MI,conv_89974
Hi ☺️ I did indeed. A two-hour slot which is what I normally choose and used to be free. Has this recently changed?,"Hi, did you select a one hour or two hour delivery time frame? ^TS",conv_18809
"#AmazonIndia few more lies from #aramex . Incorrect address, time restricted, office,.. Is home not an office address. Stop lying","As mentioned earlier, if you've shared your details previously, you'll be seeing a correspondence to your registered 1/2 ^RS",conv_28029
Missed order today as was delivered after the office had closed. Try to find out how to rearrange delivery and keep going round in circles with your help section,"Hi George, can we be of assistance today? ^AZ",conv_82218
"I'm sure they'll ""re""-deliver tomorrow anyway, and there's no option in the page you linked to for that situation. But it feels like the delivery guy couldn't be bothered to drive down the lane, let alone ring the bell.",I'm sorry for the poor experience. We'd like to make sure this is addressed and go over your options. Please contact us here: ^CO,conv_82011
I have just tried that &amp; was advised that no action could be taken until Friday 01 December.,"I am so sorry for the troubles with your orders not arriving yet! We'd like to help out any way we can, but don't have access to account information on Twitter. If you could reach us by Phone or Chat: we would be happy to look into this! ^FR",conv_65740
Specifically this one,"Hi, have we provided a rough availability date on the product detail page? All of our most recent availability information would be on there. Which one of our sites are you uisng? Is it of our others?^PJ",conv_57398
Have already done that. Request your prompt action,Apologies for not receiving the air purifier. This was never intended. Please report it to our support team through the link here: so that we can assist you accordingly. ^SC,conv_58456
Just the standard one!,Thanks for reaching out! We have a couple options of the album available. Can you send a link of the one your seeing? ^AH,conv_33433
"I have been calling daily Amazon cs, as my replacement was to be delivered on 25th on priority as told by agent not yet received !!",Could you please tell us more about your concern? We'd like to look into it. ^AM,conv_23511
ya utilizamos esa opcion pero nos dise q estan preparando el envio,"Grafo, aparte del correo de confirmación, recuerda que puedes verificar tu pedido en la sección de pedidos de tu cuenta, por favor utiliza este enlace: ^CB",conv_50244
"Sin duda es empezar poco a poco. Primero 10min caminando, 5 trotando; luego 15 y 10 y así hasta lograr correr 30min seguidos","¡Qué emoción, Quirino! ¿Qué consejos nos das para alguien que quiere empezar a correr? 🤔^LC",conv_34468
I called and cancelled the order. I have wasted too much time on the phone and there is no reason why you would make the delivery tomorrow,Please give us a call: to go over your available options. ^CO,conv_28014
You definitely don’t understand. Stop giving generic responses. FIX IT!,I understand your concern for the return of the order. Please share the details in link shared by 'MO' &amp; we'll help you.^SF,conv_29249
I rcv a call but ivr lady says that they can't find details of my order and finishes the call on her own. That's been the case for the last 10-15 attempts. I have tried different ivr options but not able to get thru in any way. Plz help!,"We'd like to help you. Please go to the link: and select to a phone, enter your number, desired language and click to call. We will call you. Please let us know for any issues. ^BS",conv_76723
Thanks a lot for your response at the earliest. Hope Amazon won't disappoint me 😋😋 Thanks buddy- chendhu from india,We have forwarded this to the concerned team and we'll work on it. ^SQ,conv_41568
His parcels keep going next door as the previous owner was using his adress as hers,That is strange! Your brother should be able to save his address without using the neighbor's: ^FD,conv_41551
Too late. It's smashed to bits and in the bin. Ta for replying,"Hi Rusky, sorry to hear you're having difficulty with your Fire stick remote. Please check out this link for troubleshooting your remote: ^JC.",conv_72237
"Its my neighbour, but i know they will deny recieving it, so looks like ive lost out 😂",If the address is outdated the parcel will usually be returned to us by the carrier. See more here ^TG,conv_42212
They are saying that amazon took the courier scanned it and returned.. they have no idea on how the box is empty,the issue. Please don’t provide your details as we consider them to be personal information. Our Twitter page is public. 2/2 ^SH,conv_17460
I was able to access that link on my phone so have emailed. Thanks so much ❤️,"We want to help out! So when you have the ability to contact us, here's a link to reach out: ^MJ",conv_20925
"August, I can no longer log into my account to be more specific, I can only provide the date and cost of the items. My account for shut down due to suspicious activity around the same time.","Hi, without providing any personal information. Can you let me know when you canceled these items? ^KI",conv_65626
"Suites You.. ""CONFUSION"" Because you still in this. Can I get the Surety that Delivery Executive will not ask for the Pickup of Original Order. Amazed to see how talented Team is there for resolving complaints. #NoCalls #CopyPasteEmails","Sorry about the confusion. I see that we've already addressed your issue and sent a correspondence to your registered email Id. The resolution provided over email is the best we can offer. Further, we'll not be able to provide additional assistance on this matter. ^NR",conv_61724
bom pelo visto de desconto teve nada né.,"Olá, Triz! Assim que tivermos mais informações das promoções saiba que serão anunciadas no nosso site e redes sociais. Fique de olho. 😃👀 ^NB",conv_98072
Tried that. Just asks me to contact seller first. That's why I came to twitter. But different people keep responding so I'm getting nowhere.,We'd like to help you get this sorted out! Please get in touch with us by phone or chat: ^KJ,conv_37878
another 14 hours have gone buy and no assistance or resolution on trying to get my daughter's teen account on an HD fire 10. 62 hours and no response is not acceptable....,"I'm so sorry for this frustrating experience, Gregg. It's never our intention and I'd like a member our team to look into this personally. Plea provide your information here and we'll be in touch: ^HS",conv_65600
If nothing happens then I will put on FB also,"Please don't provide your order details, we consider it to be personal info. Our page is visible to the public. 2/2^VH",conv_13874
"I used some tactics and got it out in the end, thanks for checking. I just need to bear in mind for future!",Were you able to retrieve your package? ^GP,conv_79015
,"Hola, Hugo. Lamentamos mucho este inconveniente, por favor recuerda que no es conveniente anotar información de tus pedidos. Por otra parte, te recomendamos realizar un simulacro de compra para verificar si el producto realmente está disponible. ^CB",conv_94505
"El embalaje es importante porque puede dañar el producto, pero lo más grave es que me envían una caja sin precinto de garantía. He comprado un producto nuevo y debería haberlo recibido debidamente cerrado además por supuesto de libre de golpes.","Hola, Antonio. Te pedimos disculpas por el inconveniente con el embalaje de tu pedido. Puedes realizar un evaluación de lo que ha sucedido con el embalaje, en el siguiente enlace: ^AA",conv_77617
trying to buy tickets for brighton but as soon as it went up even 1 ticket was exceeding the limit?,"Hey, yes Brighton is included! ^TS",conv_18350
"Hi? I sent in the email but still no reply 20 hours later. Please help out with this, it's really urgent. THanks",Sorry for the trouble with your account! You're welcome to reach out to us here: ^BG,conv_16173
"I have, but went to purchase the tickets at 10:02 and it is now 10:35 not likely. What a rip off, pre order for pre sale that doesn't work.",Please get in touch here: ^BM,conv_21234
You can just change it by a) getting in touch with your 'trusted' service provider and find out what happened and b) just fix it in line with #CustomerExperience strategy made by and your management team,Thank you for taking the time to let us know about this frustrating experience. I'm sorry to hear we've been unable to provide a satisfactory resolution for you regarding this order. ^JR,conv_98809
but i get message from amazon stating that delivery boy tried delivering but customer was not available. just lies served by amazon.,"That's quite a remark, Sidharth. Did any of yours concerns regarding your recent orders went unaddressed? ^NK",conv_25166
"we already have, they said they will get back to us within 48 hours. One of those items was a new phone :/","We'd like to look into this further with you. When you have a moment, please contact us by phone or chat here: ^AC",conv_86189
"Je ne recevrai mes colis que demain , merci de m’avoir prévenu qu’en fin de journée que je ne recevrai rien aujourd’hui, sans justification qui plus est!","Chronopost effectue la livraison de 8h à 19h, si vous ne recevez pas votre colis je vous invite à le signaler à notre SAV via le lien suivant : ^MA",conv_68984
I have already shared my details few days back but you guys were also incapable to resolve my issue,"I'm sorry for the inconvenience, Arushi. Please share your details here: and I'll get in touch with you. ^MK",conv_34526
"Dear amazone, one of my order is not delivered Philips head phone with mic please take as priority I am not happy to your delivery boy","Please don't provide your order details, we consider it personal information. Our Twitter page is visible to public. ^HA",conv_22564
all emails already shared with earlier tweet.,Kindly share your details here: and I'll contact you with an update on this. ^GS,conv_10093
"By Artist, what's the minimum number of characters required to produce results? I'll try Album &amp; Song when I get home and send the results.",I'm sorry for the tech trouble you're having; are you only searching by song or by album/artist name for these results? ^WM,conv_40359
When will be the earliest?? 1 more month?,Our team is currently working on your issue and will be resolved at the earliest. (1/2)^AU,conv_14609
Just that the specialist team were investigating and this may take 48hrs (at time of email sent to me early hours of this morning).,My apologies Andrew. Was any additional information provided? ^DC,conv_27414
"a package was meant to turn up today, but it didn't but the driver has said that it's delivered on the records.","That's odd! We'd like to help, we just need a little more information. Have you had trouble with a recent order/delivery? Could you tell us more details about what's going on? ^HM",conv_86244
"already tried help by mail and still problem persist, please close my account and don't want to be a customer anymore","I'm so sorry for the frustration, Luis. We should absolutely be able to help! Please contact us using the link TN provided. ^SD",conv_3563
... Leaves a rather sour taste in the mouth of a customer who pays for prime delivery. Not even like my house is hard to find... Unimpressed,I'm sorry your parcel arrived in this condition! Were any of the contents inside damaged? Please let us know! ^KJ,conv_29224
"Hola, el producto como tal parece haber llegado en buen estado, sin embargo las cajas venían hechas un destrozo y faltaba la documentación. El producto os lo compré a vosotros directamente, adjunto una foto:",¡Hola Nacho! Lamento el inconveniente. En este caso necesitamos saber si ¿el producto llego en buen estado? y si ¿Fue comprado directamente con nosotros o con un vendedor externo? ^NP,conv_59569
"I'm learning German, so I don't really mind between German/English. If I have to choose, I say German.","Hi, just a question at the beginning - do you prefer answers in German or English? ^NW",conv_1837
,"I understand that you're upset, Srinu. As requested, please respond to the last email that was sent to you by the social media team for further assistance. We will check and assist you further. Appreciate your understanding. ^NK",conv_59646
"Dovreste aggiungere un tasto ""Compra tutta la lista"". 🤣","La chiamiamo ""I sogni son desideri""? 😂 ^CS",conv_20097
Amazon Store Card. You guys badgered me to get one and due to your technical issues can't use it.,Is this the Amazon Store Card or the Amazon Rewards Visa? Let us know! ^MT,conv_91358
Your customer care team denied offering anything and stated that we will treat this case closed and disconnected my call today. No solution,The resolution provided by our specialist team over the email is the best we can offer. I'm sorry we'll not 1/2 ^SH,conv_16164
"I am following you now, if you send me a DM, I can send you back my phone number and you could get a competent rep from customer service to call me back. Thank you",Please get in touch with us here: as this team is specifically trained to assist with your specific inquiry. ^EZ,conv_87858
It came after all. :) Thank you,"Ok, Keep an eye on the emails and keep us in the loop ^DJ",conv_84720
Se lo he explicado por MD,"Lamento mucho por lo sucedido en tu caso. Nos podrías informar por favor, ¿ya entraste en contacto con la transportadora para verificar el proceso de envío de tu paquete? ^CJ",conv_86409
I don’t remember &amp; it was through,Was the order confirmed as dispatched before you canceled the order? Which site did you place your order or? ^NV,conv_53416
"Being #harrassed by the delivery guys for days, reached out to customer service multiple times but hardly any resolution !",Could you please elaborate your concern about the fulfillment center so that I can assist you accordingly?^SF,conv_13453
je CEO i read out your mail .no timeline given when pick up will be done and when amount will returened,"Hi, We've sent the correspondence to your registered email ID. Kindly check it here: ^SP",conv_53218
Amazon seller support team is not providing pickup service on time to new seller. We are chasing them from 23rd Oct and lost our 4 orders,We'd like to take a closer look into this. Please reach out to us here: and we'll check it for you.^AU,conv_16186
"Seems like it's a random issue, checked just now mike and molly episodes are back",Thanks for bringing this to our notice; we'll check and forward this internally for review. ^VN,conv_14412
"form has been filled awaiting for a solution n refund. I have already invested my energy in explaining before, kindly treat it urgent.",I'm sorry for the trouble. Please fill this form: and we’ll contact you at the earliest. ^AU,conv_12682
It says the 2nd of December....2 days an still not dispatched yet it's been 5 days it didn't take this long when I ordered it off the American site,What is the delivery date according to the order confirmation e-mail? ^DD,conv_61398
I will try and contact the couriers tomorrow. I am still annoyed that an amazon customer service member hung up on me and I feel like this hasn’t been resolved. I feel like I have no parcel and have still been charged - I just want my present!,"I can understand why you're frustrated, Rosie! Here's some additional steps that may help recover the parcel: Let us know if that works! ^CS",conv_87849
Don't worry I realise that a will to live is not something you can buy. It was simply wishful thinking 😭,What exactly are you looking for Hannah? ^KM,conv_21566
"Já foi cobrado no cartão, inclusive realizei uma compra com vocês posteriormente e os livros já estão aqui em casa!","3/3 já entrou em contato com o banco para conferir? Por favor, nos avisa. ^DA",conv_29723
Done,"Please follow our Twitter page, so that we can reply to you through DM. ^SC",conv_53462
merci,Vous présentez juste votre pièce d’identité pour pouvoir retirer votre commande. ^BR,conv_43584
"Thank you guys so much, the issue has been resolved. A replacement is being sent",Ok! Please keep us in the loop. ^JO,conv_80058
is ur investigation done??,We're following up on this issue. Please allow us some time and we'll get back to you. ^KA,conv_76794
"Acabou de chegaaaaaaar, obrigadaaaaa","Olá Tabatha, poderia nos confirmar qual é a data estimada da entrega? 😊 ^DA",conv_75141
will you make it today?,with our courier services to have the package delivered soon. Stay tuned. (2/2) ^VM,conv_18804
How soon?,Thank you for sharing the details. We're working on it &amp; we'll get back to you soon with an update. ^SY,conv_16214
"just reinstalled, still no AR. is it releasing on a rolling basis?","Have you had a chance to check for updates on the app? If this doesn't work, please try to uninstall and reinstall the app. ^GR",conv_44136
"It’s been canceled. Doesn’t make up for how upset she was, though. #primenotsoprime #sadkid",Aw I'm sorry to hear this. Is there tracking available?: ^PK,conv_23995
Done long time back. Almost a month back. No status change,"Sorry for the trouble. Request you to ""Request an invitation"" on the Echo product info page to receive an invitation. ^MN",conv_61708
"Und warum soll meine Zahlungsart automatisch abgelehnt worden sein? Da ich keine Kreditkarte habe, war das wohl die letzte Bestellung",Das ist eine automatische Prüfung. Alle Infos dazu findest du hier: ^AN,conv_21582
Possible d'avoir le numéro? pcq j'ai déjà appeler un de vos service clients ils m'ont répondu la même chose que vous...,"N'ayant pas accès à votre compte, je vous prie de contacter notre SAV pour avoir plus de détails par rapport à votre commande. ^AR",conv_70634
From Amazon ordered back in August 😠,"I'm sorry for the poor experience! To clarify, was this DVD coming from Amazon or from a seller: ^SJ",conv_94521
"I sent in the link and in 1""2-24 hours"" I expect to hear from . I hope the scum that hacked my account isn't on a shopping spree!",Hmm. That is odd! Will it allow you to call using the link provided by AD? ^AL,conv_29740
To why?,We're unable to provide any additional insight. Once we have a delivery date we'll notify you via e-mail. ^KP,conv_25601
"Non je sais même pas où vous joindre, j'aimerais juste qu'on me livre de nouveaux ce colis jamais livré !",Je suis désolée d’apprendre cela. Avez-vous contacté notre SAV pour leur faire de la situation ? Mbayang,conv_72241
GRACIAS POR COMENTAR ✊👌🤗,"Recuerda que una vez que acaba el mes de prueba, se hace el cobro de la suscripción. En este caso, si las has cancelado y no has recibido el reembolso, puedes comunicarte con Servicio al Cliente para que puedan ayudarte: ^ES",conv_72268
"El producto que agregué al carrito decía ""vendido y enviado por amazon mexico""","¡Hola, Pablo! Lamentamos cualquier molestia ocasionada, ¿el producto es vendido y enviado por Amazon o por un vendedor externo que utiliza nuestra plataforma? ^LC",conv_99307
会費は年会費ですか？月額ですか？,(2/2)有料会員移行後に特典のご利用が無ければ、キャンセル・返金を承る事も可能です。詳細はこちら&gt; プライム特典の一覧はこちらをご参照ください&gt; YM,conv_94498
Jajajaja hacer un reembolso que estaba esperando desde hace 1 mes 🙌,"Nosotros a ti, Ivana. ¿Qué hemos hecho para merecer tu amor? 😍😄 ^KS",conv_46726
This says will be reaching please can some one really #help me I promise wont make any further purchase with #Amazon #help #shameful,details here: and I'll get back to you. (3/3) ^KA,conv_12696
Cool! Danke für die Info 🙈😊,Meinst du diesen Skill? ^MS,conv_61651
Yes,Thanks for the update; has the order already been dispatched? ^GS,conv_30084
"can not find my order, and costumer care can't cannect my any call or else. Amazon India refund my payment otherwise pay for that",We understand you are yet to receive your refund. Kindly reach us via the link provided earlier and we'll sort this out for you. ^VM,conv_52167
"Vendido y enviado por amazon. Lo que me gustaría saber si llegará el lunes o no, ya que estoy perdido al que cambiara la fecha jaja","Hola, lamentamos el inconveniente. ¿El producto ha sido vendido y enviado por Amazon o bien por un vendedor externo? ^FZ",conv_78988
"Non, je ne trouve pas où sont les coordonnées pour les joindre",L'avez-vous signalé à notre SAV afin qu'une enquête puisse être ouverte ? ^SM,conv_89987
"I will not do that, m fed up of doing thst and you people keep repeating same, now just refund my money",I'm sorry about the stretch. Kindly reply to the correspondence sent by our team for further assistance. ^GD,conv_19229
Shall I wait for life? Worst customer service...pathetic!,"In this case, request you to wait and we shall get back to you soon. ^SH",conv_26292
I will escalate this to highest authorities. What a pain this has been! Have already shared all data and called 10 times.,I understand your concern for the return of the order. Please share the details in link shared by 'MO' &amp; we'll help you.^SF,conv_29250
therevis no resolution. you are asking me to throw it in dumpster. why do you sell stolen products?,The resolution provided over the email is the best we can offer. I'm sorry we'll not be able to provide any further 1/2 ^SH,conv_10088
Ahora solo quieren o devolverme ese dinero en saldo de Amazon o si me lo reintegran en la tarjeta no puedo devolver el producto,"Hola Albert, ¿podrías comentarnos más sobre lo que ha ocurrido sin publicar detalles de tu cuenta? ^DA",conv_42778
Have already share the order ID. U can check,"In that case, I would request you to share your details here: and we'll investigate on your issue on priority. ^HS",conv_65760
"Dear , I am going to install the product ( as it is very delayed now☹️) and send you the charges for the same. Kindly reimburse the balance in form of amazon pay balance. Thank you.",We've sent a correspondence regarding this here: Kindly check and reply so that we can check further on this. ^VN,conv_59599
Ohhh come on...don't be a freak...who has kept u on the job? You are not committing a time when u would take an action? Also confirm whether you will be calling me up by today end of the day? Only if u have questions to these answers you reply...,We will definitely get back to you. Request you to wait till then. Your patience here will be highly appreciated. ^SK,conv_16639
Hay es donde está el detalle desde ayer y lo que va de hoy los mensajes de texto no me llegan :(. Siempre me llegaban rápido,De momento solo contamos con la opción de llamada en inglés. Puedes intentar activando la opción de recibir el código por mensaje de texto: ^DB,conv_64043
By a seller. Not Amazon.,Hello Pete! Is the item sold directly by Amazon or a seller?^CN,conv_54588
One can get so hassled filing up your forms that would want to give up on the issue at hand. Feels like a mistake to bring it up.,"Kindly share your details using the link mentioned earlier, as we wouldn't be able to access your account over Twitter.^GD",conv_23967
Can you please get in touch with because it's for me not possible to get to them the info that the delivery has never arrived but is stated in their report as delivered. Thank you!,Have we had a chance to contact USPS on your behalf when you spoke with our support team? ^WM,conv_98810
"they replied telling us it is a glitch Amazon end and we will have to be 'patient'. Hope my staff, landlord and suppliers are patient too!",Sorry to hear this. Have you contacted seller central about this? What did they advise? ^PK,conv_25174
"Thank you for providing that information, it is very helpful. The problem is ""Free Delivery"" with Prime is less of a perk when the recourse is a refunded shipping fee. I literally don't have a place to sleep because I expected to receive this mattress by the ""guaranteed"" date.","I'm sorry for the trouble! Our goal is to always meet the Delivery Guarantee provided at checkout. If it's missed, we'll refund the shipping costs. You can learn more here: ^JM",conv_52000
You know it's some fucked up shit when you gotta conference call and,"This isn't how we want you to feel. We'd like to help, if possible. Please let us know more about what's going. ^BH",conv_12646
"No me envías un producto que tienen en stock,y la solución es que lo vuelva a comprar y obviamente más caro...para q funciona entonces la preventa de Amazon #amazon #preventa","Hugo, en este caso una vez que se actualice el estado de tu pedido vas a recibir un correo de confirmación.",conv_94443
"Except that isn't the case. 1 Why not? 2 Why are you sending people to The Works? 3 Why is that book in Home &amp; KItchen? 4 What do you suggest I say to Bonnier when I call their switchboard as you suggest, to find out what Amazon is up to? 5 What is the point of having Prime?","Hi, you will need to speak with the publishers about this,as ^BM said the latest info we have is reflected on the website^AS.",conv_17437
Oh no!!! Thanks anyway. Wish me luck trying to get tickets on Friday...,"Hi, if it isn't listed then unfortunately it wouldn't be included in the pre-sale. ^AS",conv_17164
ahora el msj q sale es q estan preparando el envio eso kiere decir q si esta mi pedido xq lo hize alas 12:15 y asta ahorita no recivo correo ni mensaje,"Grafo, en este caso ¿el pedido cancelado fue cobrado?. ^NB",conv_50255
So far this isn’t going well. After trying to explain to a woman what has happened I was put on hold for 20 minutes before being transferred to a supervisor. After 10 minutes of explaining again he says he’ll phone me back. I just want my package.,"We'd like to investigate this further. When you have a moment, please give us a call so we can escalate the details to our Logistics team: ^MB",conv_82015
Of course I have!,I'm sorry to hear this! Have you checked for any e-mails indicating they haven't been able to reach you? ^MJ,conv_23059
"Much appreciated, and I'll be contacting you guys asap.",We'd like to help! Please reach us by phone or chat: so that we can further investigate with you. ^KJ,conv_68846
"Claro aviso pode deixar , agradeço atenção !!!",Nada! Avisa a gente quando o seu pedido chegar Allisson! ^JJ,conv_68881
It's not my carrier. It's yours. Why then I have to take it up with them and as well not my fault when you are not connected with the customer success team and systems. This is Interesting,"Hi, this is something we will need to take up with the carrier but the important thing for us is that the problem is sorted for you. We don't have access to your account over social media to check this but please let us know if we can help further. ^KK",conv_98805
"I did not receive my order. I missed original delivery, cust service called me and I opted for later delivery.No delivery arrived.","Just to clarify, was the package returned because it was damaged or did you receive a damaged order? ^VS",conv_33495
,Oh no! Please try the steps found here: Let us know how it goes. EZ,conv_87803
Oui ! Mes colis ont été mis dans des points relais n’importe où !!,"Bonjour, rencontrez-vous un souci avec une commande en cours ? ^ASZ",conv_76642
Pourtant c'était écrit Prime en dessous de l'article quand il était dans mon panier...,"Bonjour, la livraison ""Prioritaire"" est la plus rapide possible quand ""en 1j our ouvré"" n'est pas disponible pour un article",conv_17220
If my comments improve ur service then must share it..,That shouldn't be the case. All customers are equally valued at Amazon. I'll be sharing your comments internally to work on. ^CB,conv_29654
Thank you ;),"Hey Michele, you can check your Message Center for genuine emails from us: If not there, you can report here: ^TI",conv_77697
I can't contact you by phone or chat at the link you provided because that's for I don't have an account there and don't live in the UK. Could you provide another option? I'm still getting his emails about every purchase.,Hello! This is an issue that requires accessing the account. We are unable to access any account via Twitter. Please contact us by phone or chat here: Let us know if you need anything else! ^DA,conv_70738
Okay. Tx. Wish to see it soon.,"The cash load feature isn't available with Amazon Now orders currently, Jigar.",conv_15679
"thanks DJ, that did allow me to play music now using spotify as if it was a bluetooth speaker but I was really hoping to link it for voice control, etc. Could it be that my wife is the echo account owner? I feel like that shouldn't have an effect tho...","OK try this: ask ""Alexa Spotify connect""she will reply with something like ""choose echo from Spotify connect list"" then you can go into your Spotify app and choose echo under device list. Let us know if this helps. I know it is not a link but it may help you! ^DJ",conv_23210
"This has become a joke, now. Only, I don't feel like laughing.","Thank you for confirming, we are looking into it and will get back to you soon with an update. ^SI",conv_13862
pero ya se retiro el dinero del banco,"¡Hola, Grafo! ¿Has recibido el correo de confirmación del pedido completado? ^LC",conv_50242
No nothing except confirmation that an investigation is going on... it’s month end.. all bill payments/payments for school trips/reminders were set up on phone etc... this has created so much extra work for me... that I don’t have the time for,"Hi, have you had any updates from us regarding this? ^BZ",conv_82081
Who decided to not pick it up today? I had to reinitiate the pick up. Now it’s changed. I won’t plan it again. U better get this sorted.,"Kindly wait, we'll be contacting you with an update soon. Appreciate your understanding. ^ZH",conv_23983
It was supposed to be delivered to my office by 3pm. Office is closed for the holidays now!,"I'm sorry for the frustration! Deliveries can be as late as 8:00PM. If your order hasn't arrived by then, please let us know. ^AC",conv_84809
"Called USPS for delivery info. Estimated hold time for the next representative is FIFTY MINUTES. As YOUR customer, I shouldn't be doing this","I'm so sorry for the trouble. If you have a moment, please contact us by phone or chat here: ^LH",conv_13882
"Apparently it was 'delivered to resident at 3:33pm' yesterday (Th 30/11) -THIS IS AN OUTRIGHT LIE - no delivery, no card, nothing in the box we bought *specifically* for Amazon 'when we're out' (which we weren't) AND STILL NO NAPPIES (my poor baby!) Order: 205-4513111-9163526.","We'd definitely like to help, especially if it's a recurring issue. Can you tell us if it's happening with the same carrier each time? ^TS",conv_56112
Didn't get any further update,"We have your details and we're working on this issue. Kindly wait for an update, we will get in touch with you shortly. ^SM",conv_59652
It’s now saying the package has been delivered but there’s nothing in the states location!,Awesome! One of our representatives will be in contact with you soon. E-mails can take several hours sometimes. Let us know if you need anything else! ^DA,conv_84926
"Am gleichen Tag noch, sonderlich hilfreich war es jetzt auch nicht, Paket (durch den Feiertag) immer noch nicht da, das einzig ärgerliche jetzt ist natürlich, dass die Zustellungsdaten nicht aktualisiert werden. Seit Samstag keinerlei Infos.","Hi, hast du dich bei uns gemeldet? Konnten wir dir eine Lösung anbieten? Gruß ^MI",conv_34102
Gonna have to... thanks.,"I'[m sorry for the continued issues. If you would prefer to pick up the package instead, you can contact your local USPS to arrange that they hold it there for you. Likewise, late packages usually show up within 24 hours. Please keep us updated on this. ^SG",conv_68857
I just said it's been sorted! I've been refunded! I'm just not impressed with the service any more.,Oh my! I'm sorry for the troubles! Contact us by Phone or Chat: &amp; we'll be glad to help! ^FR,conv_375
"Okay, obrigada pela dica 😉","Olá j. morgenstern! Temos uma opção que você pode aproveitar. Temos o cartão de crédito pré-pago, que você pode carregá-lo usando boleto bancário e, em seguida, usá-lo para fazer compras na ^JJ",conv_84912
Tienen telefono?,Te recomendamos entrar en contacto con nuestro departamento de Servicio al Cliente por medio del siguiente enlace: ^FZ,conv_77657
I was asked to wait 24hrs whilst you investigated. Replacement offered and said I’d receive an email about it which I haven’t had.,"When you reached out, were we able to offer any other options like a refund or replacement? Were you asked to wait? ^VS",conv_36664
"Nope. Was out for delivery by 9pm. Never came. Now just says ""new estimated delivery nov 2""",Sorry to hear this. Has any reason been given for the delay? ^KM,conv_15359
It was originally meant to be 28th and then changed to 29th and last night was changed again.,"Sorry to hear that, Matt. Can I ask if the date has changed again since the 30.11.17 to 05.12.17 estimate you were provided?^TI",conv_60644
"dal link per la segnalazione (e solo lì) aggiorna la data di consegna al 5 dicembre, mentre era prevista per il 29 novembre. da Piacenza a Milano (e secondo il tracking è arrivata a Milano la sera del 26) siamo nelle mani di #BRT #bartolini. Ma non esiste un servizio migliore?","Mi spiace per il ritardo, da Twitter non abbiamo la possibilità di verificare i tuoi ordini, se non lo hai già fatto, ti suggerisco di inoltrare la tua segnalazione al nostro Servizio Clienti: A presto! ^FA",conv_61615
Most #pethetic service right look at the time i am waiting since 2 days and guess wat I am a #primemember #badservice #refund,Sorry for the delay. I'll be sure to pass on your feedback. Kindly wait until the mentioned time frame. Do keep us posted. ^AK,conv_12708
Meu kindle e mais alguns livros \o/,"A caixa da felicidade já chegou 🤗 Só amor para você, Roberto! O que você recebeu hoje? 🙊 ^LG",conv_26824
How do I go about closing my account?,I understand your frustration. Please let us know if your items don't arrive by the delivery date of December 4th. ^VF,conv_67196
Thanks for solving my problem so fast! And at no extra costs. 5 stars!,Thanks for the information! We'd love to help further but are unable to access your Amazon account through Twitter. Please reach us by phone or chat for available options: ^LR,conv_93237
At the bottom it was mentioned- Did I solve your problem? I clicked NO and detailed the issue on the feedback portal.,"I understand your upset, may I know if you've replied to the email sent by the Social Media team? ^EM",conv_20053
Would just like to know what really happened with my original order and why I received 4 different responses from online chat cust. service.,"Goodness, my apologies for the frustration! Please keep us posted on your new order. We want to help any way we can! ^KN",conv_33494
Already sent....,"I'm afraid we haven't received your details. Please sign in to your account, and send (1/2)^SF",conv_26283
"Not really and given the value of the item, I don’t want it left outside. I am just going in circles with no one actually providing any useful results.","Hello, were you able to try to provide a safe place for the parcel to be left? ^CR",conv_54705
"Shocking again - didn’t show up yesterday; spoke to customers services, rebooked for today...no show again","I'm sorry for the trouble with your delivery! Please give us a call or chat here, so we can investigate this together. ^TG",conv_86257
"Thanks, same thing though - It shows my orders, just not that one. I guess it's not eligible for feedback?",Apologies for the incorrect link! You can submit the packaging feedback here: ^JY,conv_60543
Me acaba de llegar el pedido a la dirección que les facilité ayer a los de MRW. Gracias por todo.,"Entiendo, por favor mantennos al tanto de tu pedido. ¡Que tengas un buen día! ^KA",conv_61520
Hi I have tried this fix and the keyboard still doesn't appear at the bottom of the screen.,"I'll be happy to help with this! To confirm, have you had a chance to try a full restart? Many issues with your Kindle can be solved by restarting your device: Please keep us posted! ^SD",conv_60423
あああ……いえ、今は指定時間少し過ぎてるだけなのでそこまで気にしてないです大丈夫です すみませんありがとうございます,ご迷惑をおかけしております。状況をお調べした上でご案内させていただきますので、恐れ入りますが、リンクよりカスタマーサービスにお問い合わせください。 TN,conv_15608
"Non, celle-ci sont pour les machines Nespresso. L’autre pour les machines Nescafé Dolce Gusto.","Bonsoir, est-ce qu'il s'agit de ce même article : ? ^KE",conv_96119
Yes for some but now I have missed out on some of the Black Friday deal as they can’t be replaced :(,"So sorry to hear that Claire, have you gone already through our returns center to check if replacements are available for the missing/wrong items?^MA",conv_67181
I did online chat. After 2 people I was told I needed to wait 24 to 48 hours to hear back from the teen group.,"I'm so sorry for the poor experience. We don't have access to your account over Twitter, but we'd love to help. Our technical teams would be in the best position to assist you however, I'd suggest calling us for troubleshooting/options: ^EB",conv_65604
You need to improve your customer service. It’s slipping.,"I understand your frustration, Fiona. Please contact us using the link provided for phone or chat. ^WB",conv_62727
Até dia 04! Só podia ter tido um desconto ein 😩,"Solaris. 😍 Que livros interessantes demais, Igor! Quando você receberá eles? ^CR",conv_98117
"Je viens enfin de parler à un responsable chez vous qui va essayer d'intervenir chez Chronopost pour avoir le créneau qui me convient. Je croise les doigts, je suis désespérée et à bout de nerfs!",Quelle a été la solution proposée par notre SAV ?,conv_64105
12 hours after that shocking set. Appalling. I have already set up my Unattended Delivery Preferences - not adhered to!,"Did you send us an e-mail? If so, e-mail responses can take up to 12 hours. If you haven't already done so, you can set up your Unattended Delivery Preferences here: ^EZ",conv_87827
ありがとうございます！！,おはようございます。Amazonです。ご確認済みかと思いますが、配信が開始されておりますのでよろしくお願いいたします。→ SK,conv_94507
Also when will Amazon prime music be available for Indian users of Alexa?,"This feature, as of now isn't available. It will soon be available. Kindly stay tuned! ^HR",conv_14399
Vocês já me ajudaram e muito ❤️,"Oi Ju, como podemos te ajudar hoje? ^VL",conv_31637
"gracias no sabia. tengo una mala experiencia con Amazon o el transporte, soy la única perjudicada y me cobraron","2/2 público, por tu seguridad no publiques información sensitiva como tu número depedido. ^JD",conv_19511
"You will see from the trail, I did that 6 days ago","We can't access account or order information over Twitter. If you can fill out the details in the link provided, we will be able to escalate this further for you.^PJ",conv_53727
you've got to be better about this. It's ridiculous,"Hi, sorry to hear that, does it show up in the purchase history on your account: ^JJ",conv_29701
it's the South Park game on PS4 coming out next week. I actually am not sure I want it but I can't see its price or cancel it,Can we get you to link us to the item you are trying to get delivered? ^MH,conv_22069
Già aperto in ascensore,Non ti rimane che aprire il tuo pacchettino. ^BC,conv_62851
See for yourself,"Have you recently signed up for a free trial of Amazon Prime? We'll authorise the card for $1 to make sure it is valid. Authorisations typically drop within 3-5 days, depending on the policies of your bank. For more info: ^MB",conv_89422
"acabei de recebeer, amore. obrigado &lt;3 conta que o pedido esta em processamento",Boa noite Kitesastre! No momento que você faz uma compra o e-mail da confirmação do seu pedido é enviado automaticamente com as informações do mesmo. Se não receber o e-mail pode ter acontecido algum problema. Qual é o estado do seu pedidono momento? ^JJ,conv_99918
"Thanks, but that doesn't help--it's a prime now order, so the main amazon page doesn't accept packaging or other feedback on it.","Hi Rebecca! Sorry if the feedback button is a little hard to find! It sounds like you were wanting to give us some feedback on our packaging (or in this case, bagging) of your order. We'd love to hear all the details here: ^JD",conv_69020
pela amazon,"Lamento pelo atraso, Jessica. O pacote foi enviado pela Amazon ou por um vendedor externo? ^CR",conv_60603
Is there any update??,Thank you for sharing the details. We're working on it and we'll get back to you soon with an update. ^SY,conv_14600
I dont want to change my order but will not accept. Order # 403-3917499-2913904,I'm sorry for the unpleasant experience. We'd like to change it. Please (1/2)^SF,conv_13055
"Thank you, I just couldn't figure out what to do with the codes I got, but Miss Natalia solved me the whole thing, I HOPE!",You are welcome Oihane. You can return a product and here are the instructions. Please access this link: ^JJ,conv_80275
"Yes, the date was confirmed today. Made the purchase at 8:17 am. Received an email after 3 saying it was delayed. Go figured. Maybe update the tracking?","I'm sorry it hasn't arrived! Typically, the cutoff time for Same-Day Delivery is noon, however, this may change depending on the product. What is the delivery date shown in the e-mail confirmation: ^SJ",conv_34474
"Spent over an hour on phone yesterday/today. ""Check back with us tomorrow"" been the response since last week.","I'm sorry you don't have your order. Did we ask you to wait longer for it? If you need an update, call: ^MG",conv_33499
"Contacted cust svc chat was 1st told it would arrive by 9, later told slip was torn no attempt had been made thentold package was damanged","Just to clarify, was the package returned because it was damaged or did you receive a damaged order? ^VS",conv_33508
"This is probably the 3rd time it's been left outside with no note, not sure if it's the same carrier. No I have no set safe place for orders","I'm sorry to hear this, Abigail! Just to confirm, have you noticed this trend with a specific carrier? Do you have a safe place set for your Amazon orders: ? Please keep us posted! We want to help! ^SD",conv_76596
"Ce qui a de plus désolant, c'est surtout que ca arrive systématiquement avec Colis Privé. Arrêtez de traiter avec eux, ca ne peut pas continuer là...","Bonjour, je suis sincèrement désolé pour cela. Je vous invite à contacter notre SAV afin de localiser le colis. Veuillez le faire via le lien suivant :",conv_60526
Ok. I think I got it to work,"Hey Travis, can you copy and paste in the URL to your own Twitter page? ^JC.",conv_64027
from just looking at the numerous tweets to your help service it seems that we are not the only ones experiencing issues in regards to delivery well lack of,"I'm very sorry for the poor experience, Anthony! This is not the service we want for our customers! Have you had trouble with a recent order/delivery? Could you tell us more details about what's going on? ^HM",conv_89465
Gleiche stand wie Montag nur das es da steht wird in kurze versendet 🙈😂,Manchmal auch nur 1 Tag 😃 Den aktuellen Stand deiner Bestellung findest du im Kundenkonto. Gruß ^MH,conv_49292
"Sim...Kindle é puro amor!!! Estou lendo ""O Grande Herói"" de Marcus Luttrel e "" Conversando com C. S. Lewis"" de Alister McGrath. 😉","O Kindle é só amor, não é? Você está lendo algum eBook no momento? 🤔 ^CR",conv_92552
Thank you for your assistance :),"In case the call option is not available, you can reach out to us here: via email or chat. Do connect with us and we'll surely help you out. ^PB",conv_64171
"No, el problema es que no me han mandado nada con respecto al estatus de mi pedido. Pagué para envío, mañana es el día máximo de entrega.",¡Hola! ¿Te has puesto en contacto con el transportista asignado a la entrega? ^LC,conv_98095
"Yesterday November 29th. It left for delivery yesterday morning, 4hrs later it was back at amazon facility","Hi, sorry to hear about your order being late. What was date provided to you for delivery when you placed the order? ^CR",conv_67302
. This is the same story which was telling by your team from last one month . Refurbished mobile delivered. Device dead,We're following up with your concern. We'll keep you updated regarding the same. ^SG,conv_39636
ご丁寧に有難うございます。自動更新の設定は済んでおります。ただ、自分はprimenow地域の拡大を待っていたため、希望とは違うタイミングで開始されたことに対し多大な不満があります。表示遅延で縦ズレの起きるスマホではワンクリックでの開始は控えて欲しかったです,ご心配をおかけしております。Amazonプライムは自動更新する設定をOFFにすることで、無料体験期間終了後に自動的にキャンセルとなります。この場合、年会費の請求は一切発生いたしません。詳しくはこちら＞ MH,conv_57453
I have called already and spoken to the rep. This keeps repeating. Fire your courier managers in my locality,have reported the issue to our support team here: 2/2 ^SH,conv_13652
Should I be concerned that it says my refund will be approved when they receive the returned item. My item was lost by amazon so it will prove difficult to get it back to them.,"Hello Tom, please let us know how you get on. - Hal S",conv_61489
Thank you. Why they couldn't just tell me this on the phone I don't know! 🙈,"We recommend checking to see what content has been added to the child profile. To remove content, please follow the steps here: ^MB",conv_88024
If I don’t get it today can I get a refund on my one day shipping,"Carriers can deliver up to 8:00 PM, if it doesn't arrive please reach out to USPS by phone here: ^GR",conv_43548
"And if they won't be able to get it for me, will I be able to cancel the exchange request and put a request for a refund in?","Hi Michael, the seller would be the best person to advise on the timings. ^HS",conv_58349
I was not told any reason by UPS.,"I am very sorry to hear this Barry. Can I ask, have you been given a reason as to why this order is delayed please?",conv_51993
Merci de l’info 😩,"Bonsoir, nous aimerions bien :) mais ce livre n'est pas parmi la séléction.",conv_90004
"I have sent you the details. There is no question of refund now, I want my order completed. Get it?","I'm sorry about the previous Tweet, we would like to know your concern in detail. Write to us here: &amp; we'll take necessary actions to make things right. ^MJ",conv_63992
What shortly?? Only 2.5 hours remaining for delivery time over and it is impossible you to deliver my package at my door step better to use,We would like to help you. Please share your details with us here: We'll get in touch shortly. ^CB,conv_60431
"From I could barely understand they *might* send a replacement but I need to pay postage then claim it back - really? How that is helping me I don’t know. I’m really done filling in forms, phoning and your awful deliveries - stop throwing over the fence!","I'm so sorry to hear about the trouble you've been having! This certainly isn't what we strive for. When you contacted us previously, what information/options were given to you? ^HC",conv_86372
I've left the details at the suggest link. Hope someone can provide a clear answer about when will this order be delivered or an alternative solution.,"Get in touch with us, the Amazon.de Social Media Team, here: Regards ^MI",conv_95331
"Tengo dos pedidos retrasados. No mucho, supongo que me llegarán entre hoy y mañana, pero es que antes funcionaba como un religión y de los últimos 4 pedidos, 3 se han retrasados.","Ricardo, lamentamos cualquier inconveniente. ¿Tienes algún pedido pendiente de entrega? ^VL",conv_58330
"I have tried to call customer service and the person did not have a clue what to do. I wish for the parcel to be redelivered, all that they wished to do was a refund or replacement. This is rubbish service. #rubbish #nocustomerservice.","Oh no! We'd like to assist you with this. Were you able to speak directly with Customer Service? If not, please reach out to us here:",conv_82220
lógico❤️,"Adoramos o comentário, Ana 😌 Você já comprou muitos livros na Amazon? 📚💖 ^LG",conv_73751
"already filled last time when I twitted. You can check with twitter id , U will find a filled form. And call me on given number",Sorry for such experience. We'd like to look into the issue and help you. Please fill this form: and we’ll contact you soon. ^RI,conv_76810
"Have u gone mad or you're making me mad, you won't deliver order, won't refund the amount and you doesn't act on complaint just ask to fill or tell details every time I contacted you. Not a single time I got a positive response Sir action taken, if asked it's against your policy","You can check the correspondence we've sent to you here: If you've already replied to our email, we'll check and get back to you. ^MO",conv_59640
"All of the items were in stock. If they aren't available to ship immediately, then maybe they shouldn't be offered on Prime.","I'm so sorry about your experience! If the item you're ordering is out of stock or unavailable to ship immediately, you may not receive the item in two business days, you can learn about how our shipping dates are calculated here:",conv_67125
I've emailed and called several times. Options included 'priority delivery' for Tuesday morning. It's Wednesday night.,"I'm sorry we let you down. Have you called us to report the delivery issue? If so, what options did we provide? ^CO",conv_48719
"U pay for prime. You expect the befits of the membership. I ordered a package on the 25th, it still isn't here.",I'm sorry! We'd love to help where we can. Please give us more details without sharing personal account information. ^LM,conv_7497
I have emailed from that link.,"Without giving personal or account information, could you tell us a bit more about what's going on? If you need to reach out to us, you can do so here: ^DG",conv_95334
j'ai reçu un mail pour me dire qu'une enquête était en cour et que le service s'engagé a me recontacter le 27/11/17. En attendant j'oublie mes 290€.,Une réponse vous a-t-elle été fournie? ^MD,conv_87905
"Yes, I received a message saying my payment was declined, which I immediately went on to my account to fix, as soon as I got the email.","Apologies, did you receive any emails in relation to the order since you placed it? ^JJ",conv_29672
Thanku Amazon,"If you have a business proposal, kindly contact us here: and share your idea, we'll put it through to the right team. ^VH",conv_78517
I have no any mail reply from u please,Please confirm if you have provided your details in the link shared by 'GK' &amp; we'll help you accordingly with your concern.^SF,conv_16545
I needed the item by dec 1 promise date was nov 24. 4 times I requested a refund because item won’t be here until at least dec 5. No refund,"Sometimes unforeseen circumstances do occur, and I'm sorry for the delay! What insight or options did we provide when you spoke to us? Let us know! We'd like to help if we can. ^KN",conv_62741
"in Einzelfällen ist völlig korrekt, aber nicht bei 4 Paketen in 2 Monaten, tut mir Leid, einmal ok, aber nicht vier Mal hintereinander!",In Einzelfällen kann es zu Verzögerungen kommen. Wann war denn der geplante Liefertermin? ^An,conv_34104
"C'est étrange car au début c'est écrit : ""Nous sommes ravis de vous rappeler que vous bénéficiez de Prime Vidéo grâce à votre abonnement Amazon Prime ..""","C'est un simple courrier qui vous explique les avantages du programme Prime, cela ne vous engage à rien. ^ASZ",conv_80944
Vendido y emviado por Amazon,"Gracias por la información, ¿el producto es vendido y enviado por Amazon o por un vendedor externo que utiliza nuestra plataforma? ^LC",conv_98093
