text,label
"After four days of trying,, one of your phone staff finally checked and discovered the item was LOST on Saturday. Now I have to order again.",order_issue
Which might be the reason I did not see the email. I probably did received one however I have lost access to my previous email address,order_issue
I got a refund but I wanna check to see if it's actually lost,order_issue
Still I didn't received any update from your end. I have to book order today,order_issue
There's really no good way to report that an item was missing. It asks if I want to return an item but there is no item to return.,order_issue
"Over 50 orders. More than a hundred books. Not a single free bookmark. I'm heartbroken, Amazon! :(",order_issue
I fail to see how that reassures me that I'm going to get an undamaged record 3rd time around,order_issue
"Not in the mailbox, not on the porch, not in my house, not at the neighbors. This was a Prime order, late/lost again.",order_issue
"But we could not have known it was the part until it was diagnosed. I have tried to claim under A-Z Guarantee but they are denying it because I received the part ""as described."" Except it is not as described, it's a piece if garbage that does not work.",order_issue
I thought returning it to an actual amazon store meant that it would eliminate the problem of items getting lost in the mail,order_issue
I never received an alert that my Amazon pay balance was about to expire.,order_issue
not the first time this has happened and we have lost orders. No card has been posted either at our door to say where it is,order_issue
How can you find my order of i didnt ordered it!! My brother ordered it for me and i received a defective one. And you are not listening at all. Provide me a refund!! This is going to be my last tweet if you are not going to solve,order_issue
Since yesterday you guys are telling that you’ll get back instantly. Lost all hopes!,order_issue
There was no way to reply to the email. This is for case 4672816421. We were promised a call back but never received one.,order_issue
Are you going to be offering anything to your Puerto Rican customers for delayed/missing orders in the aftermath? Zero point in having prime,order_issue
Amazon seller support team is not providing pickup service on time to new seller. We are chasing them from 23rd Oct and lost our 4 orders,order_issue
DAMN IPHONE WITH THE BROKEN I,order_issue
"I’m hoping it’s not damaged-it’s a laptop, I won’t find out until Christmas Day as it’s a gift 🎁 how should I go about perhaps you making a note on my account, about possible damage, I have taken photos of the outer box",order_issue
After the mechanic diagnosed one part defective we paid more than $700 in travel and repairs to replace the part we purchased from Amazon.,order_issue
"Already spoken to your customer executive detaily to hemalatha supervisor , no solution provided, purely frustrated.very worst experience",complaint
Please don't help.u have very useless process of helping.if u want plz refund me atleast in time which is also now least expected,complaint
He had said that there had been a change of address however I was guaranteed that it would arrive today. I have spent my whole weekend trying to get this sorted and I’ve got delay after delay after delay. I am absolutely ashamed of this service. Nothing has been made up for it,complaint
I’ve requested it’s return but the courier can’t pick it up while I’m here this weekend and my replacement won’t be arriving until Monday so I’d have to say I’m majorly disappointed and won’t be recommending this,complaint
Useless show Amazon... Again no body ce to pick up stuff for return Worst respond to customer..... GUYS PLS STOP BUYING Stuff FROM AMAZON. TO HELL WITH FDI... AND RESTRICT THEIR Working PLS,complaint
Yeah.....don’t think you will be able to replace fingerlings...just warn people not to throw stuff in a huge box all together with no protection. Sill love ya just disappointed!,complaint
"Oh GOD ! again link, fill up and will get the copy-paste emails.. Even I am telling you the FACTS about the possibilities. What you guys doing there ? paying you, for what.. Its mystery. #ShameOnYouAmazon",complaint
not available at my nearby distro center.. Says it comes today. Kinda horrible delivery times.,complaint
As compensation you are giving me 500 InR in account.. shame &amp; unethical...,complaint
so the social media escalation team is equally useless as the customer service team...hats off to incompetence,complaint
"It was ripped open, have checked that everything is in there. Still doesn’t excuse the fact it’s been opened and rummaged around in AND then your really rude customer service assistants on chat telling me I’m making stuff up...",complaint
Already shared the same with your support team . Always asks me to wait. #rude #stories,complaint
Got it. Worst services too,complaint
Tried ringing and the guy who answered couldn’t speak English and kept saying the same this over again. Useless customer service.,complaint
"I’ve sent an email, I would like someone from management to call me tomorrow at noon. I am far too angry at the moment to talk to you.",complaint
A claim and escalated. Then the same bs email about how more info is needed and the seller hasn’t received the item. Horrible customer serv.,complaint
Then what do I do now ?? You guys have frustrated me..,complaint
still no action. Disappointed,complaint
Yes I arranged a time. No phone call. Email was sent by Account Specialist. And the best part you taken the money for the order........ I’m really disappointed,complaint
It’s a complete disgrace called put on hold for all in all for nearly 30 mins and been told that there is only one supervisor and have to wait 2 hours for a call back asked if there was a supervisor in another contact centre and told she can’t do that! Not happy at all,complaint
I’ve waited til past 8 o’clock now-here are the references: 67303131113645 &amp; 73303231558729 EVERY Hermes delivery gets delayed. No fun!,order_status
They shipped yesterday (Wednesday) and won’t be here until Monday. I think our ideas of two day shipping is a bit different.,order_status
"I can spend my time with this because you haven't kept to your delivery, or I can just change to buying more from eBay; I'm going to choose the latter",order_status
It did not say on the tracking who was carrying it. I did get contacted from Amazon and now they promised first thing in the morning.,order_status
"I am not going to do anything more. If package not recd by nov 8,2017 then I will revert",order_status
Your website says if in stock it’ll be dispatched that same day and delivered the next day. Nothing about just transit time. You’re making it up.,order_status
YES paid an extra $10 for delivery today. Assuming that will be refunded.,order_status
it wouldn't bother me as much if we lived in the middle of nowhere but considering we are only 35 minutes away from the dispatch centre and the item was supposedly out for delivery at 10.30am yesterday morning. I think it might be a great idea to use Sat Navs,order_status
This is not going to help! I understand how you people work. Your delivery team don’t deliver and they say that customer not available! Lier,order_status
"It was Amazon UK, with delivery for Republic of Ireland",order_status
It says it has been out for delivery since 8:14am today,order_status
"It just says ""delayed due to external factors"" both of the times it has been out for delivery",order_status
no it just says it will be delivered today,order_status
"Yes, reported every one of the above. Multiple times &amp;requested a reason for 'failed to deliver'. Had 2 products re-ordered twice, but most just get a 'refund' notice- no further action, usually a week or two later after being PROMISED it will be delivered 24-48 hours later...",order_status
Done long time back. Almost a month back. No status change,order_status
It says due for delivery by 11pm tomorrow but not dispatched yet. I’ve had to also order from elsewhere as I’m not confident from recent experience that Prime delivery time will be met.,order_status
"""In Transit: Delivery attempted"" IntelCom's site &amp; tracking ID not working &amp; I've already been on hold 20min today and longer yesterday.",order_status
And the ritual continues. Once again a call now asking for pick up while pick up slot is 1-4.Iam sure the pick up will be rescheduled again,order_status
Was delivered by Amazon Logistics! Don’t have time to inspect it thoroughly now. Box clearly shows it’s a telescope and has a ‘This way up’ label in it. Mad beyond belief about this!,order_status
But paying for prime is about next day delivery surely? Checkout is also saying 2nd.,order_status
Salve purtroppo nessuno sa niente! Non so veramente come fare...,general_inquiry
no me dieron mi numero guia porque me pidieron una info de la direccion de facturacion y no me han dado respuesta de eso.,general_inquiry
Thats why you're not leading.. bcoz you not paying for your fault.. you just leaving customers at their end &amp; be yourself remain in comfort zone.. My Pay Balance amount transfer in my bank account. You are earning i terest on my money so far.,general_inquiry
I contacted customer support by chat&amp;was told to wait for 72 hrs while investigating.:/ This has happened to others for over a week though,general_inquiry
Are you guys nuts? How can u ask me to wait... bloddy idiots from past three days I am waiting...what r u guys? Stupid assholes? U don't have integrity,general_inquiry
They're stupid USB C cables worth less than $10 and I don't need them right away. The point is the type of stuff is happening more and more to my deliveries. I can't justify renewing Prime as long as this continues.,general_inquiry
"yeah its on that episode of cheers but I tried another episode and it didn't appear to be there, maybe it's just that episode?",general_inquiry
Many times..Always got them saying well deliver it by deadline...I hate your service now,general_inquiry
"Creo que es un vendedor externo, ErgodeBooks. Los pedí el 23 de octubre y el pedido llegaba entre 2-5 semana.",general_inquiry
Sounds like an elaborate excuse for incompetency to me.,general_inquiry
"Siii😍😍uno dei primi di Babbo Natale,che ne ha già scovati altri ...domani si saccheggia! Grazie ancora",general_inquiry
I wuld lyk 2 knw jus 1 simpl&amp; straight answer. Hw mny times u ppl wl ask d same qstn again&amp;again.Coz m juss sick of answring over&amp;over again,general_inquiry
I did.,general_inquiry
Already did that and they keep telling me to wait and that has been 4wks. CS keeps telling me it is due to a system error. What error?,general_inquiry
Já comprei,general_inquiry
Too late. It's smashed to bits and in the bin. Ta for replying,general_inquiry
i know but i call all courier serviece they people cant home pick up so please arrange from your hand.,general_inquiry
I did for the first chat with Ashish and left positive feedback. 👍🏻 Chat with Shruti did not give me the feedback option.,general_inquiry
I’ve already done that once last week &amp; still not heard back,general_inquiry
Yeah it happens with you! Stuff that is marked amazon prime and says I'll get it in two days and then at 8pm on the second day changes ETA.,account_issue
"He wasn’t able to contact . Twice. I tried by myself. A voicemail said that if I’ve not received today by 1pm (which happens to be the case), I should tomorrow.",account_issue
"What email? Which resolution? You mean looking into it and ""investigating"" is the resolution you are talking about?",account_issue
Oui il s'agit du colis prévu mardi. Le problème est que je ne peux pas changer le créneau et je ne vois pas pourquoi je devrais en plus perdre une heure a aller le récupérer au entre chronopost de Strasbourg,account_issue
I've contacted my bank as you asked to do so in email but my bank said Amazon need to raise complain,account_issue
"Yes, I just did. Not helping. Provide an email ID I can write to.",account_issue
"No, but I emailed to offer a copy of my rights reversion letter and ""in review"" just changed to ""publishing"" on my KDP page. Appears ok.",account_issue
"Aucune idée, je n'ai pas mon pc à disposition pour vérifier, j'ai préféré demander un échange via le site et retourner l'article.",account_issue
9990776470 __email__,account_issue
How can I reach out to you guys via phone or chat?,account_issue
The other one has actually just changed to being in stock but it hasn't been on Prime for 2 days as I was trying to get it.,account_issue
"Already contacted customer care but they said they doesn't know anything It's 2017 update urself guys, still cheques",account_issue
Got text from service. It'd been 2 days have not received any update from Amazon service boy.,account_issue
"Oh my word, can you not treat people as humans?!?! I’ve had the 6th identical automated email following a telephone conversation and still no-one has answered a single question?! It beggars belief? Just don’t know where to turn now. Utterly disgusted now 😡",account_issue
Hi! Any updates?,account_issue
Are pre release codes being emailed ?,account_issue
Why did it change? That page only tells me it will be 3-5 days.,account_issue
yes it was due today by 8pm and now its changed to tomorrow or the next couple days... but isn;t there a guarantee?,account_issue
"It say's ""Could not set your address. Please ensure you have correctly entered a complete address"" when I am entering my India address",account_issue
"I reply two time this email , As usual there is no response #UNINSTALLAMAZON",account_issue
"I already did that. It says one day and when I bought it with 1 day, it gave it 12/4. If I look at the item now, it says 2days gets it to me 12/2?! - I work in logistics. I understand shipping and this is frustrating. May cancel my order.",refund_request
Just now! I gave you the benefit of the doubt but I have now cancelled the order.,refund_request
No. I had to go to amazon's site again and re-process a return. I've had to call almost every day for 2 weeks. I can recommend a training company if you need?,refund_request
"não funciona! já tentei cancelar e não consigo. a página diz que cancelou, mas a compra continua lá!!!!",refund_request
Well I won't be buying anything else from Amazon - it's going to cost me £8 to return goods worth £16. Disgusting!!!!,refund_request
am i able to return a product which is faulty which i only discovered by using it?,refund_request
Amazon is refunding his money in 7-10 business days. Thing is this was his birthday gift and had a new game to play Friday.,refund_request
All been sorted. Thank you. My refund should be with me in the next few days😊,refund_request
No one knows what to do to get my refund back to me!,refund_request
Button popped up today for a refund. I requested it. Thanks for the quick replies,refund_request
Thanks! I need to use the item tomorrow so I can't really return the rest of it. Is there any way to get a partial refund?,refund_request
U kindly refund the amount back .. I have sent back the product and I demand a refund for the same .never had such dissaponments wit amazon,refund_request
even when i screwed up and forgot to cancel before my cc was charged for an additional year? (effective date was monday),refund_request
"I just want to return this, pls raise my concern. Not able to do this from my end. Dont expect anything from my end. If this not done then i will make sure will not buy anymore from",refund_request
"Yaa sir, i responded your letest concern at 3:24pm as i got the mail at 3:19pm today. Please check ur detail and correspondence. Sir, u cant understand my problem as i paid for nothing, and now also having too much headach u guys and ur team. Plz check ur mail and make my refund.",refund_request
"I have sent you the details. There is no question of refund now, I want my order completed. Get it?",refund_request
I finally was able to get a number for a corporate employee In Washington state whom provided me a refund after days of empty promises and unfulfilled guarantees. I am still not happy with the several wasted days and plan to finish my holiday shopping with other vendors,refund_request
What support team are you talking about ? I called twice n they make it sound like they will graciously refund my money. But then nothing,refund_request
Kindly see this picture.. what kind of crap is this . I haven't received refund for this product.its been two months .,refund_request
"I gave the e-mail address linked to the account, but it seems that only a specialist could take care my refund &amp; closing the account!",refund_request
"we know that a lot off issues in this building has happened with deliveries and wrong address, even the drivers have said it b4",escalation_required
My issue is Vendor Central related and I'll be dealing with it there unless you have higher authority than the regular desk?,escalation_required
I literally can't order anything further because I was informed that the logistics team is having issues problems &amp; can't deliver to me. I don't live in a rural town or in an apartment building. Just a regular house on a regular street in Toronto.,escalation_required
Is there any action taken on my issue. Now it’s 3rd month and still struggling with amazon ! 🙄🙄🙄,escalation_required
"It was impossible for it to have arrived on time when it left 23 minutes before the deadline. Am I blacklisted or something? My recent experiences have been terrible, this is the 9th time I've had to engage support due to delivery issues, either late or lost outright in 3 orders.",escalation_required
Please solve the issue. I need earphones asap. As the earphones you provideed are not working,escalation_required
I have already contacted them since two days but issue not yet solved.,escalation_required
I've sent an email. Briefly my issue is that there's no provision on the ID check email to alert you that it wasn't requested.,escalation_required
I have reported the issue to u now it shuld be ur responsibility to take it further not making ur customer to go here n there to report ur mistakes and pathetic support.,escalation_required
Ive never had any issues.,escalation_required
So what have you decided my dear ?? By this time you should've known the entire issue.I'm expecting a response from you,escalation_required
I've tried that 'request a call' twice previously and simply been passed on to another dept who weren't able to resolve. It's down to to sort out &amp; they won't. have resolved similar UK issue tho. Wd be simple for to sort,escalation_required
"Yes but the issue is that the ""attempt"" today. Would there be no way for them to try again today. i can't pick up a package if they don't ring the bell to let me know they are here to deliver it.",escalation_required
"More like the description of what was in the box and what arrived is the issue, like expensive items vanished",escalation_required
I want a call from higher your authorities on same. Or I'm going to raise my complain again publicly,escalation_required
Amazon is clearly indulge in fraudulent activities.Thank for ur service so far.,escalation_required
i am still waiting for the call on this issue team,escalation_required
Still the issue is open....how come its taking so long?,escalation_required
"""Dream"" or nightmare? goes on: Got told to re-order for the delivery which is stated as delivered &amp; never did &amp; that I will be refunded. Then talks with Jamaika &amp; Cape Town with info to wait for 72hours now &amp; they cannot refund + police report needed #CustomerExperience",escalation_required
I have now had an email that has resolved the issue. I appreciate your quick response and the resolution. Thank you.,escalation_required
waited for your call back. Just got it. Now told wait is 10-20 minutes. Why call me back now? Muppets. Call back when someone available.,product_info
"Thanks, do you know if there are any coming back in stock? I really wanted the exclusive one, but stupidly kept putting it off.",product_info
are you going to keep the availability to limited pincodes like flipkart? They have the device available to buy.,product_info
"Yes, letting me ""it's delayed"", well duh! How the he'll does it go from pre-order to out of stock?",product_info
I was provided with none !!!! 😡 but imagine waking up to another message saying we’ve attempted to deliver today and you weren’t available .. I’m still in my pjs .. 😩😩😩 dies someone want to explain to me what I’m paying for with this prime thingy ??? Furious,product_info
"I just saw an ad for it being on Amazon Prime, looked like a Prime Origional. Was it on Prime in Canada before? Will it be available in Canada soon?",product_info
Yes they are in stock when I purchased them an still are now,product_info
the item is in stock and also i spoke with someone with live chat and assured me that my order was going to ship last night. Not,product_info
I’m in UK - is call available?,product_info
It was a gift I received. I am waiting to reorder the correct size.,product_info
No not yet it’s just usually dispatched very quickly and I’m hoping you haven’t run out of stock as I need them by Saturday 🤞🏽,product_info
"No me envías un producto que tienen en stock,y la solución es que lo vuelva a comprar y obviamente más caro...para q funciona entonces la preventa de Amazon #amazon #preventa",product_info
Why are you still showing it as available next day?,product_info
"Our building is available for LEASE /RENT for back office or godown or ware house, kindly forward the message to the concerned thank u kiran",product_info
Now even doremon first season not available ..... First Darker then black now this. So what are you having CID and Tarak Mehta?,product_info
"All of the items were in stock. If they aren't available to ship immediately, then maybe they shouldn't be offered on Prime.",product_info
That just takes me to my amazon account. Not helpful. Are the Brighton tickets actually available?,product_info
"so after wasting more than 1.5 month, now you are telling me the product is out of warranty. i had gone to iball 1.5 months back .",product_info
"same reply again and again. if the complaint is raised under warranty period and if wont solve it, how is it out of warranty?",product_info
"I used to be able to watch my twitch streams with chromecast and now it says ""sorry"" this stream not available w chromecast buy me your stupid stick",product_info
That transaction must have reversed.. to them only,billing_issue
Yes I've already contacted my bank and they are saying.. no such transaction we can see from Amazon,billing_issue
It can't be more than the total billing amt which has been finalised while placing the order right?,billing_issue
"Yes, I received a message saying my payment was declined, which I immediately went on to my account to fix, as soon as I got the email.",billing_issue
"I had already called and talked. The guy said it is only available for HDFC bank, however you have mentioned that others banks are available too for the instant cashback in lieu of the interest charged for the EMI. I want to know how much instant discount will be offered?",billing_issue
"Amazon have not up a faulty order and now I’m being charged for something I never ordered.....,",billing_issue
I am contacting you as I ordered from your site and you charged my credit card Amazon not a carrier,billing_issue
"Already replied. Ur representative had replied totally out of context. I want to ask when you are giving instant discount in lieu of the interest charged on EMIs for partner banks one of which is ICICI, why am I not getting the discount?",billing_issue
It states I'm not a member but my bank is showing a pending payment to you dated from the 20th. Stating Amazon prime membership fee ....,billing_issue
No nothing except confirmation that an investigation is going on... it’s month end.. all bill payments/payments for school trips/reminders were set up on phone etc... this has created so much extra work for me... that I don’t have the time for,billing_issue
Can you provide me the name or link of seller who is offering no emi cost on PS4,billing_issue
Oui envoyé et un mail de retour confirme la première bonne réception en m’annonçant la rupture de stock du produit 😱,billing_issue
They sent me the email I sent you guys that said I wasn't gonna be charged. He must have been able to look up my account a different way.,billing_issue
Think you guys charged me twice for something im not aware of,billing_issue
I cannot see the discount on the payment page.,billing_issue
"Was never charged thought....I'm still waiting this ""transaction"" doesn't even feel like one",billing_issue
Its very headache so please pick up from your hand. I dont pick up any charges for courier so please arrange from u.,billing_issue
Creo que es ( Amazon )lo solicite por Amazon Prime .. envio gratuito.. yo todo lo compro desde la opción Premium,billing_issue
"enviei meu ebook para o premio Kindle às 22h de hoje. Porém, a ferramenta kdp fala q demora 72h pra publicar. Vou concorrer mesmo assim, certo?",billing_issue
"I tried getting I cleared up. I understand unforeseen circumstances, it’s the way it was handled after that was the problem. I’m clearing it up with my credit card company.",billing_issue
I’ve checked. There’s nothing there. I’m very alarmed that Hub website won’t allow more than 10 characters in the login box,account_access
"Error message telling me ""wrong password"", but I am 100% sure my password was right. This happens to everyone around me ...",account_access
You have to log in. I don't remember the email address I used. Can you look up the account by my bank information?,account_access
"The thing is - I don’t have access to the email address my amazon account was linked to, the address was desactivated. So there’s nothing I can do from my end. Thats why I don’t understand why i was debited for a membership for an account suspended by you guys!",account_access
AHHHH IM FRRAKING OUT I CLICK EVERY EMAIL THAT SAYS AMAZON! IVE CHANGED MY PASSWORD BUT 😭,account_access
"This is not a answer ,for my question ..Why my number is blocked ..Give me a valid reason",account_access
Sir waiting for your early action. huge amount is blocked,account_access
That is the problem! I cant access on my account because still on hold! I dont know why! Have a chat for customer service?,account_access
And with origin instant access came a error message that I should check my internet connection even tho it’s fine and wouldn’t let me buy it,account_access
"Hola, es que cuando hago login me manda a una página que ya leí, pero necesito hablar con un asesor",account_access
"I’ve changed my password another 3x using the link you sent, which is the same way I’ve been changing it. I’ll just shop elsewhere this weekend.",account_access
I can’t log in because it’s locked.,account_access
I’ve already done this and changed my password and it still won’t log me in 🤷🏼‍♀️,account_access
Interesting - to clarify I'm not asking for a pay out - I get that - but the value should be back in my account no? But for that reason it needs to be unlocked - by sharing information that I do not want (and in fact not able to) share.,account_access
Cannot contact as my access blocks site.,account_access
My orders are fine. I also still have access to you by way of my old Email. I just can't change my new Email address for the old one..,account_access
I am also having the same predicament! I got a confirmation message and email but am unable to access the presale!,account_access
I cant get to this link bcoz it is saying to login amaozn aocunt.but my acount is on hold.plz unhold my account,account_access
Incredible! I shouldn’t post my details here Coz it’s public. While you can’t access it being in Amazon! Are you kidding me ?,account_access
Sir already reported to the support team and also talk with the costumer service help line nos several times and answer is enquiry is going on. since last 54 days I am very much harrassing becz of a huge amount is blocked. kindly help,account_access
"After four days of trying,, one of your phone staff finally checked and discovered the item was LOST on Saturday. Now I have to order again.",order_issue
A claim and escalated. Then the same bs email about how more info is needed and the seller hasn’t received the item. Horrible customer serv.,complaint
It was scheduled yesterday but got updated this morning.,order_status
I have already filled in your form 2 hours back and i am yet awaiting your call,general_inquiry
Already have and the assistance I received was absolutely useless and rude.,complaint
Nope! Anyone had access to that delivery,order_status
Are you still appreciating my patience as it’s about to run out. I haven’t received any sort of communication so far. It was supposed to be a friend’s birthday gift which you’ve effectively ruined.,general_inquiry
Give me your mail id where i can forward mail regarding this query..... My email id.... __email__ and contact me on 9879103664. And please dont provide me below id its not working....,account_issue
Can you please update the status? When i will be getting my money back?,order_status
"Continued buffering, loss of sound and it doesn't save where I leave off in programming.",general_inquiry
You should have enough info to figure it out. Figure it out and email me,account_issue
So this order 407-7402036-7182732 Placed on 30th and supposed to reach me on 2nd November Now is this as per amazon prime delivery std ??,order_status
"Your customer team is so corrupt and mannerless, If customer want solution on there end they simply cut the call, I want proper solution #UNINSTALLAMAZON",complaint
No option to package in an amazon box or plain packaging so might be worth checking the listing as this wasn’t stated,order_status
Yes. Apparently it was signed for when no one was in and there’s a squiggle of a signature which isn’t mine. I asked for a call from amazon where the woman hung up on me and now I’m being told by a customer service chat that I might not get my parcel!,general_inquiry
I shall expose you through newspaper and other media and will fight till I get proper justice,general_inquiry
Till date no any resolution for my query.....it was my last mistake to made transaction through your wallet.....it would be never happen again.shame of your organisation that you can't clear a query in this huge time. #beware from #Amazonpay #amazon india #worst #service,complaint
Had notification of 3rd item being refunded. Nothing for remaining 2 items,refund_request
Horrible response form your team still unable to solve the Issue....can someone call me on +91 9096377143...,escalation_required
And this is your TR customer service 2:,general_inquiry
"so far, I only keep getting hollow assurances that I will not face this issue again. Don't need assurances, need the product i ordered!",escalation_required
I received nothing in spam and there was no message from the operator. However I received your message at 1am - 8hrs after my enquiry. I don’t understand why your operator couldn’t do this for me. Many thanks for your assistance,general_inquiry
アカウント凍結して不正アクセスを調べてもらうことになりました。 ありがとうございました。,general_inquiry
Please don't help.u have very useless process of helping.if u want plz refund me atleast in time which is also now least expected,complaint
Pic 2) Song,general_inquiry
Era il 29 per l'ultimo ordine,general_inquiry
"I have tried. It’s not allowing me to access my account to cancel my membership, I haven’t even used prime in almost 3 months.",refund_request
"Hi there, still no response from anyone!",general_inquiry
"And who wrote the copy in this email that notifies customers their items are late? ""Please come back (three days from now) and if you don't have it we'll help you out"" reads very flippant to a disappointed customer.",complaint
Merci. Non pas pour la livraison mais pour la réactivité du SAV.,general_inquiry
"Je n'ai pas eu le temps de le faire, donc je le ferais demain",general_inquiry
Still not picked.. no refund generated.. No call received,refund_request
急ぎ物はすぐに注文したらしく、配達してもらい「ありがとうございます。｣と伝えて欲しいとのことでした。いつもお世話になってます。,general_inquiry
"No, nothing has gone in there either. Who can help then?",general_inquiry
"I have submitted all the required details, please do the necessary else i'll have to go to consumer forum this time :(",general_inquiry
it’s working now! thanks though!,general_inquiry
The carrier doesn't sell free 2 day shipping as part of a membership. Amazon does.,general_inquiry
Never got the beta and now I’m being told I won’t get ANY of the other stuff. Including Last Jedi content and or bonus classes. Anything! :(,general_inquiry
Sir u r making me fool.when i cant reply on that mail.everytimwe i will receive the same rpely,general_inquiry
What timeline should I expect for the issue to be resolved?,escalation_required
"so after wasting more than 1.5 month, now you are telling me the product is out of warranty. i had gone to iball 1.5 months back .",product_info
"It just arrived, safe and sound! Thank you very much for dealing with that.",order_status
at least u r trying to help,general_inquiry
I received product with torn package with clear damage however small though. Proper care was not taken while delivering. And now if I replace product it will take 5-7 days atleast which I can not afford. I have no option but to keep it and suffer due to bad practise in delivery.,order_status
Thank you for the quick reply! Have a good week!,general_inquiry
"yes I have been through all of the steps. I will check with nighbours further down the street tomorrow, but no notification of delivery 1/2",order_status
Chutiya Hai Kya tu...from yesterday u guys are delivering? Madarchod,general_inquiry
"Ok, danke!",general_inquiry
Yes I updated it yesterday. I can add other things to the basket and I brought some bits yesterday no problem,account_issue
Ur customer care didnt provide me a correct answer,general_inquiry
Yes thanks for that but that doesn't answer my question of why this product is listed as a black friday deal when it is the normal price ??,general_inquiry
"The UPS tracking says tomorrow. That is from the UPS website. Your representatives ASSURED me, in writing, that it would come today. I don't understand how they can get away with that. This experience has been awful.",complaint
I’ll need to check and let you know,general_inquiry
When will this soon of your arrive? Nearing end of day 3 without any real update or solution #Amazon #AmazonIndia #Flipkart,order_status
It just got delivered and the delivery man had no idea what I was talking about so I guess it was resolved but wtf weird,order_status
Obrigado!,general_inquiry
I could give a today and maybe as late as tomorrow to see if it shows up. After that I will be contacting you guys again if I don't receive it.,general_inquiry
Ya I've done that already and it's still telling me I need to link my account...,general_inquiry
"Tried sending an email via that link , it doesn't seem to send",account_issue
Leider kam es gestern nicht und heute auch nicht... im System steht seit gestern Ankunft zw gestern und morgen beim Kauf wurde mir aber der Mittwoch garantiert...,general_inquiry
"Así es, es vendido por Servicios comerciales Amazon México S de R.L. de C.V. Y distribuido por Amazon Logistics Mx.",general_inquiry
Où dois puis-je trouver votre SAV? c'est introuvable sur votre site...,general_inquiry
"Hey Amazon, None received. Now what should be done ? Infact I received a mail asking about feedback on service inquiry. Isn't it tangled process ""Hello, Thank you for contacting us. We appreciate your feedback. Please use the buttons below to vote about your experience today""",general_inquiry
"Assim que estou mesmo, doidinha para receber meus produtinhos!! 😻",general_inquiry
But paying for prime is about next day delivery surely? Checkout is also saying 2nd.,order_status
"Now 22:00 and no parcel, as mentioned above apparently it was never going to be delivered today... I need it for Saturday and I am only available at certain times to take the parcel between now and then.",order_status
tonight before 800pm,general_inquiry
"All m getting is apologies but no refund.. everything is online, unable to understand the delay!!",refund_request
That’s the customer care link itself which hasn’t helped at all. I was told that it would be delivered within two hours and it’s been more than 18 now.,order_status
Le Kindle Amazon n'est pas éligible ? Ou cet article ? Autant je suis d'accord 👍 pour l'huile essentielle qui passe en transit autant les autres articles sont Prime ! Parcourez de vous même le site ! 😂,general_inquiry
"""From Amazon Shipping at Wednesday, 29 November. Delay in delivery due to external factors"" External factor being courier I guess.",order_status
"Ma valise est prête, elle contient un short de bain, une brosse à dent, un parfum et des dolipranes pour les soirées difficiles, let’s go 🛩",general_inquiry
That transaction must have reversed.. to them only,billing_issue
3-5 working days,general_inquiry
"I fill all the details in 2 time, i just checked in social media and i amazed how many people is suffering from your so-called customer centric company #UNINSTALLAMAZON",general_inquiry
I will do that. Thank you. I love amazon and use it all the time.,general_inquiry
It is truly unfortunate that you’re unable to view my communications within your company utilizing my email address,account_issue
I have inked in detail at the given URL...hope to see some useful action,general_inquiry
R u fooling me how many quiz contest ur conducted just on one plus 5t?,general_inquiry
"I have 3 packages, 2 of which has shipped since Nov 12th, and 1 shipped since Nov 16",order_status
"How long does this usually take on average as I need it by Xmas, If I cancel before it's shipped do I get my money back?",order_status
Delivery is estimated for the 7th but Dodies book is out tomorrow.,order_status
"Thanks RB. IPlayer and Netflix all working ok, only Amazon. Have restarted router ofc",general_inquiry
"É amanhã! Só que o rastreamento não atualiza desde domingo, não chegou nem em Porto Alegre ainda 😬😬",general_inquiry
I am uncomfortable giving out that info in a public forum - feel free to PM me.,general_inquiry
"Si y me dicen que me ponga en contacto con vosotros, os doy el numero de pedido o algun dato?",general_inquiry
Really? Right ok how long for a refund,refund_request
Now plz reach me soon and call me refund my money,refund_request
"I reply two time this email , As usual there is no response #UNINSTALLAMAZON",account_issue
"I did but while waiting for response can someone Please look into this. Tried calling kindergarten support and barely understood the CSR, which was extremely frustrating.",general_inquiry
Inconimg option not availble on the mail id,general_inquiry
"oui. Sur la page en question, option contacter le vendeur (x2)",general_inquiry
Are you serious? I've just said i had a amazon firestick but the content won't play on it. I also have prime video app on my mobile but cant,general_inquiry
Done,general_inquiry
thanks for prompt response,general_inquiry
"Because I selected to have it shipped in an Amazon box, it is flagged as a gift, which is not eligible for feedback",order_status
"10% cashback on debit card payment while COD , i did two times got nothing yet",billing_issue
The link provided is not working and opening twitter. Please provide the link so that I can copy paste the information again for your DUMB supprt #AmazonFails #AmazonFraud #AmazonPay,escalation_required
The home listening on my phone. I pay the $3 a month for unlimited i believe?,account_issue
Necesito un telefono de oficinas.,general_inquiry
. after 2 months i got an answer. A $20 credit and told to re-order. The original order had $90 in discounts. Fix it,general_inquiry
"Dia 5 (terça que vem se eu não me engano) mas eu espero que não fique uma semana lá, né? 😃",general_inquiry
"C'est sur le compte à mon père, mais hier soir quand on a regardé ils mettaient que le colis avait été livré à un client",general_inquiry
Yes.,general_inquiry
John from your team had requested 24-48 hours for resolution. Instead I received a generic email saying look forward to hearing from you soon. Could u pls help me understand the meaning of the email.,account_issue
That it’s ’s fault and that Amazon won’t fix it because “it’s not our fault.”,general_inquiry
Amazon Id __email__ I have added ₹460 and make a Jio recharge 399. As per your offer 101 cashback+ 20% on first top-up.I didn't,billing_issue
Will do when I’m home again,general_inquiry
"Had a bit of a spat with you last week about treating customers differently, then I wait in all day today and your amazon man shows up and doesn’t deliver. Customer “service” then tell me I need to wait in all day everyday until the 5th. Disgraceful.",complaint
"Since lollipop android is based on material design, so maybe using a material theme would be nice. Hint: use AppCompat theme",general_inquiry
"yes, yesterday itself",general_inquiry
É o livro Os arquivos secretos do homem morcego. Simplesmente magnífico,general_inquiry
Il c’est perdu ou pas ?,general_inquiry
I’ve checked. There’s nothing there. I’m very alarmed that Hub website won’t allow more than 10 characters in the login box,account_access
Still no news !!!!,general_inquiry
Nothing there helped me with the Echo Show,general_inquiry
I am pretty certain your frontline customer service reps are just providing stock answers and responses and providing assurances that a problem is taken care of to make their quotas or incentive levels and leaving the fallout to your escalation tier. They just need to be honest.,product_info
STILL NO UPDATE ON CASH UPLOAD. HOW MUCH TIME IS REQUIRED TO INVESTIGATE A SIMPLE FRAUD CASE OF CASH UPLOAD? I HAVE GIVEN ANOUGH WARNINGS ... ITS NOT LONG B4 I FILE FIR FOR FRAUD AND GO TO CONSUMER COURT. #AmazonFails #AmazonPayQuiz #AmazonPay #AmazonFraud,escalation_required
It was a gift so I didn't order it myself. Is there another way? Registration date?,general_inquiry
"Aww, haha. Danke. :D",general_inquiry
Yes I have replied,general_inquiry
it has shipped already VIA UPS GROUND not via 1 day shipping #Fraud,escalation_required
"Hola, no. Que tengo que hacer? Gracias",general_inquiry
C10054921473,general_inquiry
No any solution provide from your side and I am unable to contact with Amazon care because our call is blocked by Amazon..,account_access
"Muchas gracias, ya está solucionado! Esta tarde lo tengo en casa! 🤗👍",general_inquiry
Yes I am online chat with Preeti from . She is very unhelpful and refuses to help other than getting the parcels delivered tomorrow which is not good enough as I am off today.,order_status
"Entiendo que pueda estar sobrecargado pero no admito la falta de consideración ni la mentira, si no lo recibimos hoy, mañana mi hija sale de viaje, le diré que lo devuelva",general_inquiry
Did you guys do anything?,general_inquiry
See DELIVERY DATE PENDING is the status from last week still it's not updated,order_status
In the last four days U people are not able to arrange the pick up??? Is there any time limit for this to solve the issue???,escalation_required
"I just noticed ""by 8PM"" do I guess I should at least wait for then to start complaining... 😂... but if it isn't here at 8:01, I'm going to be ringing your doorbell again...",general_inquiry
Does your policy varies place to place and person to person?,general_inquiry
"Kindle oasis. I return items on it, and on my account from my laptop, but the device still shows them as borrowed.",refund_request
will someone please get this sorted today? I’ve now had 12 automated emails but absolutely no resolution? I am beyond belief?!?,account_issue
"This isn’t good enough.I never expected you not to use additional packing, have ordered before especially round Xmas and never happened before. Really disappointed. I feel I must go and buy another present for my grandson birthday tomorrow. Ashamed to give this",complaint
"No new mail received till now, previously you said you're working on it and need some time",general_inquiry
会員になるかレンタルするか、 どちらがお得ですか？,general_inquiry
Okay👍,general_inquiry
Was soll ich denn da auswählen? Es gibt keinen Menüpunkt für Beschwerden!,general_inquiry
Und wann OmU? ;) hier ist nämlich nur bis 4 aufgeführt,general_inquiry
It has essentially looked like this every day since Monday...,general_inquiry
"All of the above. If things are not going to arrive by the guaranteed delivery date, then maybe it shouldn't be ""guaranteed"".",order_status
let me know please. My Prime has been disrupted because of a delay by you.,general_inquiry
Just received call from some Amazon delivery supervisor to understand issue. He tells that this issue is reported to him today. WHAT WAS AMAZON CUSTOMER CARE DOING FOR PAST 15 DAYS? SLEEPING? #AmazonFails #AmazonFraud #AmazonPayQuiz #AmazonPay,escalation_required
Chronopost,general_inquiry
"Even after your team's promise, I have not received my cashback of INR1500 before deadline given by them.",general_inquiry
Yes i did,general_inquiry
Amazon UK,general_inquiry
Oui il s'agit du colis prévu mardi. Le problème est que je ne peux pas changer le créneau et je ne vois pas pourquoi je devrais en plus perdre une heure a aller le récupérer au entre chronopost de Strasbourg,account_issue
"On one order yes, but generally things are soooo slow lately. Especially when they go via surepost",general_inquiry
I've returned several things lately and don't want Amazon to think I'm abusing the return policy.,refund_request
"I hadn't set up a safe place, but based on the fact the driver didn't even knock my door, I don't really have faith than the safe place would even get used. Thanks anyway. I've cancelled my Prime trial. I'll try my neighbour again later.",refund_request
Kindly share my contact number 9800019281 to ur team to contact me,general_inquiry
ありがとうございます！ 月間でも見放題ですか？,general_inquiry
QUAAAARTA! Mas estou enviando energias positivas para chegar na TERÇA. HAHAHAHAHA’,general_inquiry
But your website is offering pre order content.... so it’s just a lie?,general_inquiry
"I already did that. It says one day and when I bought it with 1 day, it gave it 12/4. If I look at the item now, it says 2days gets it to me 12/2?! - I work in logistics. I understand shipping and this is frustrating. May cancel my order.",refund_request
I don’t see it,general_inquiry
What about the form I filled earlier? What was that for? I was asked to wait for 2 more days after that. GIVE ME MY MONEY. #AmazonFails #AmazonFraud #AmazonPay,escalation_required
it means i have to be here in office for 9pm?? is your EOD is 9pm??,general_inquiry
"The agent is advising I continue to wait. I understand that, but it’s pretty common that my orders are marked delivered when they never were. Delivery is very unreliable!",order_status
"Extremely inconvienant service, too be honest. I logged in&amp;had to verify my acc (as I'm travelling &amp; on a diff IP address) to then be locked out. Thank GOD for",account_access
"""Aufgrund eines generellen Lieferengpasses auf Herstellerseite kann es zu Verzögerungen bei Ihrer Bestellung kommen. [...] Sollte es zu Verzögerungen kommen, informieren wir Sie automatisch per E-Mail."" Gab wohl nur keine Mail, bzw Aktualisierung des Lieferdatums.",general_inquiry
Always helpful! This is why I continue to shop with you guys.,general_inquiry
Excelente servicio! Recibí mis paquetes hace un par de minutos!,general_inquiry
"As per your mail someone was supposed to collect the order today for replacement but nobody came, are you people serious about service or nt",general_inquiry
I rather not take prime then and use the normal service as I don’t see any diff or advantages,general_inquiry
I contacted through amazon chat and the person told me since it was sent to a locker they couldn’t help me. I cancelled Prime and am disputing the charge for the lost item with my credit card company. The email said the item was lost or damaged,order_issue
"Ich hab euch mal gemailed :) Laut Tracking Nr ist das Paket bei einem Nachbarn (im selben Haus) gelandet, welchen ich nicht finden kann.",order_status
This is BS. Amazon seem to have unilaterally downgraded prime delivery benefits for Black Friday. Everything says 27th for me. Even items I bought one month ago on a Saturday and were delivered Sunday. Now they need four days! Shame on you Amazon!,complaint
"What should i do with this link , i want my cashback, really insane by",general_inquiry
No i’ve already done that and you have taken more money out of my bank! Someone needs to contact me not an auto form,general_inquiry
Useless show Amazon... Again no body ce to pick up stuff for return Worst respond to customer..... GUYS PLS STOP BUYING Stuff FROM AMAZON. TO HELL WITH FDI... AND RESTRICT THEIR Working PLS,complaint
😱,general_inquiry
"BITTE macht das. Bleibt sonst für mich und viele andere eine äußerst frustrierende Angelegenheit. kann man aufzeichnen, / leider nicht. Muss sich ändern. Danke!",general_inquiry
I literally can't order anything further because I was informed that the logistics team is having issues problems &amp; can't deliver to me. I don't live in a rural town or in an apartment building. Just a regular house on a regular street in Toronto.,escalation_required
The pick up has been arranged 5 times now and cancelled at the last moment without citing any reason!,refund_request
Just DM’d you.,general_inquiry
I have already done so. Where is my response? In the bin also?,general_inquiry
Please pick up from your hand . I get also damage product from your hand,general_inquiry
"The latest tracking info proves the delivery company failed to deliver on the stated date and the lied about attempting delivery today, probably due to running late. Parcel was required urgently and now 2 days late! What info do you require? The tracking id?",order_status
24-48hrs i have been waiting a month for a working monitor im not upset just by this refund its how i have been trying to get a working monitor and the last two i got sent were defective.,order_issue
"Je l’ai contacté ce soir, mais il peut nous donner sa réponse sous 2 jours. Ce qui est trop long pour moi.",general_inquiry
Will do thank you for the help,general_inquiry
I can’t log in because it’s locked.,account_access
Sending in the screenshot via DM. Please check!,general_inquiry
what happens if i buy this?,general_inquiry
"I am waiting to hear back from the seller. I don't really think a reason would even matter right now. I paid, and then some time later they shipped it. Could I get it for the same price I purchased it for if they put it back up for sale? Can't find anything similar on Amazon.",order_status
My email interaction with your cs is on...reply pending. Just escalating the matter....to get a positive reply. Please check your cs email.,account_issue
Here you go with the screenshot.,general_inquiry
"Patched, thanks",general_inquiry
Oui contacté ma banque et porté plainte pour fraude. Je ne sais pas si je vais pouvoir être remboursée. Etait ce une fraude ou une erreur ?,escalation_required
the above link only signs me into my account. Have already spoken with over 15 of ur cust care staff. No use. Give me ph no of senior staff.,general_inquiry
"Already handled, just venting. It was a pretty big bummer.",general_inquiry
will i loose my account? Already tried help by link and by calling customer service,general_inquiry
No it’s been 7 days and my unavailable balance is still in place,product_info
Thanks for the reply.,general_inquiry
I just provided it again,general_inquiry
"Amazon.in, and directly from Amazon.",general_inquiry
A través de juegaya,general_inquiry
"Not Amazon customer service, that’s what’s down. Way down.",general_inquiry
so the social media escalation team is equally useless as the customer service team...hats off to incompetence,complaint
"Yesterday, Oct 31",general_inquiry
its going to gift card balance forgot to mention i understand that it takes some time its just if i dont have a bad record on amazon it should not take me 10 days to receive a refund i have only made 2 returns since 2013 and it has been the 2 monitors but i hope i get it today.,refund_request
DMed,general_inquiry
Excelente mesmo. Chegou rápido demais! Obrigado! 😊,general_inquiry
Are you saying an Amazon customer that can’t understand the Indian customer service really can understand them? And I’m unable to speak to anyone in America? Please advise,general_inquiry
Malayalam varumo😂,general_inquiry
I do not have time to write the whoke story. so call me for a discussion on the numbers given can you arrange for a call ?,general_inquiry
"Hello, I haven’t heard anything since, is there an update on this?",account_issue
I do I know if this even true ? Could it be a fake email? How do I know if I do indeed have prime ?,account_issue
Tried it. Not helping. The link took me to a call which sent me a replacement link. I want to return the item and not replace it. Your app only has the option to replace. I want to buy it from directly. What do I do. Have someone call me now!!,refund_request
学生なのですが、一般の方の方と値段と無料試し以外で違いとかは、あるのでしょうか？,general_inquiry
I had already submitted the info 5days ago.i don’t understand why u are asking again??,general_inquiry
"But nobody was available to talk to me... so to answer your question, no..",product_info
2/2 lavorativo successo. Ma allora oggi e un giorno lavorativo per GLS o no? Sa? #GLS #Amazon,general_inquiry
são donos do melhor atendimento e preços💕,general_inquiry
Merci d'avance pour votre attention,general_inquiry
"Cool, danke! Trotzdem,.... Werbung per POST? Kommt schon...",general_inquiry
Yes but it is a robot emails! I tried and mailed several emails with my bank statement and nothing happens. Hv other email for help me?,account_issue
I have no option for self return. So please arrange from your hand,refund_request
details sent. kindly check,general_inquiry
Perfect thank you!,general_inquiry
"Thanks, I’ve emailed with the order number and details.",account_issue
Do you understand English? How come question of a bank arise? I have paid with Amazon Pay Balance yes you heard it right Amazon Pay Balance. Is this what you offer as help?,general_inquiry
It must have changed overnight. Same with one of my other CDs that was scheduled to arrive today.,order_status
"doch sie brauchen nur bei Hermes anrufen, sich mit dem örtlichen Zentrum (Stolberg/Rhl.)verbinden lassen und zur Not den dortigen Leiter auffordern, in sein Auto zu steigen und auszuliefern, bekam gerade pm von Hermes - vielleicht morgen....ohne Worte",general_inquiry
Does it matter that I purchased from,general_inquiry
"Then try using the app, select language as English, IVR would state the unnecessary status info about the last the order, no further options",order_status
"Hi thanks, I will do next week when I have some spare time",general_inquiry
"ihr habt mein Geld, also sorgt dafür - ganz einfach!",general_inquiry
It says it was delivered yesterday,order_status
I ordered the items on preorder a year and a half ago. I can't view the order so I have no idea what's going on and amazon doesn't either,general_inquiry
No idea. My app tells me it was delivered.,order_status
Oui envoyé et un mail de retour confirme la première bonne réception en m’annonçant la rupture de stock du produit 😱,billing_issue
This is shocking service. Hope you realise this,general_inquiry
Before 2 month I have purchased 32 inches TCL led tv And now there is a problem in that tv And TCL is not helping me,general_inquiry
I asked a Question. Will you honour it because all it seems like at the moment is your dragging it out the 3 days an then it will be cancelled regardless,refund_request
"It was indeed a pre-order made nearly three months before release. Here is the response I got, asking me to wait until after Christmas, which is never acceptable",general_inquiry
Thank you 😊,general_inquiry
Allready i revert,general_inquiry
This site is not opening,general_inquiry
"The measure of a company, is how it responds when it gets it wrong. When cocks up, it rubs salt into any wounds it has opened.",general_inquiry
Pode deixar ✌,general_inquiry
Thank you,general_inquiry
Opa!!! o próximo da fila é: A morte do pai - Karl Ove,general_inquiry
This doesn't make sense. No courier is indicated and this doesn't answer my question!,general_inquiry
すみません、あと一点だけお伺いしたいのですが、印刷した返送先住所を梱包箱に貼り付けて、返品受付IDは中に入れる形で良いのですか？,general_inquiry
"Claro! Este aqui abaixo. Quando vou finalizar a compra (com outros itens), dá erro por causa dele.",general_inquiry
"No, haber si me contestan",general_inquiry
Valeu pela dica 😉,general_inquiry
are you going to keep the availability to limited pincodes like flipkart? They have the device available to buy.,product_info
Would be best if you provide a resolution asap...rather dan superfluous tweets,general_inquiry
Merci :),general_inquiry
No error messages.. only goes dark.,general_inquiry
"Até 1° de dezembro, se tudo der certo. :3",general_inquiry
O prazo é até terça feira,general_inquiry
The carrier is USPS.,general_inquiry
U kindly refund the amount back .. I have sent back the product and I demand a refund for the same .never had such dissaponments wit amazon,refund_request
Perhaps you can get me the callback I've been asking for for the last 2 months from a Vendor Management Team Member? Happy to DM phone# 1/2,account_issue
No updates yet it this your customer satisfaction service,account_issue
Ooh..Thanks for your positive reply.Hope you will return the money as soon as possible.,refund_request
They already have rejected my replacement request stating that they have checked it and nothing was faulty so u have to bear the loss,general_inquiry
What last correspondence idiots? Check this screenshot and give me the appropriate email that you are talking about...u chutiyas are asking me for a feedback..first get it delivered bsdk,order_status
"another order that was out for delivery since morning, delivery boy calls at 2 to ask address, 6pm calls to say vehicle breakdown so tommrw",order_status
Yes. Can only assume bin man has thrown it away.,general_inquiry
no email received...wic email you sent it on,account_issue
Please do necessary action against courier services,general_inquiry
"Dear team amazon, i am not getting any response by ur customer support about reconcern of my issue #emptybox #refund. Please reply revert a proper solution and take action against your seller &amp; delivery team as box was empty as i opened the amazon mi seal.",escalation_required
Yes. I did reach out to amazon CS via the site &amp; I’m suppose to get my package tomorrow. 2nd time in the past 2 weeks this has happened.,order_status
"I use get items next day, now it taking alot longer. Yeah it originally said saturday, now it says monday. Shame have till wait 11 months to cancel prime.",complaint
Yes,general_inquiry
Creo que es ( Amazon )lo solicite por Amazon Prime .. envio gratuito.. yo todo lo compro desde la opción Premium,billing_issue
Since yesterday you guys are telling that you’ll get back instantly. Lost all hopes!,order_issue
Sorry sir but aap logo ne aaj ki date di thi refund krne ki.... Pr abhi tak hua nhi....,refund_request
Cool beans. Thanks!,general_inquiry
"Era pra ontem! :D Só que como não recebi codigo de rastreio, não sei o que houve :(",general_inquiry
Call me 7995255254,general_inquiry
Yes. I use it daily. The connection is fine. Alexa can’t understand to play The U2 Experience through my Sonos. (If will generally play any thing else I ask it to. And plays the u2 stream fine through the dot),general_inquiry
"Oi Amazon, não recebi meu pedido 😭😭",general_inquiry
why the hell do I have to wait this long because of YOUR mistake which I told YOU about,general_inquiry
Yes of course! Thanks everytime for all your help! it's .es,general_inquiry
Heute. Ansonsten würde ich mich nicht beschweren.,general_inquiry
Provide link of that page.. Where results have announced!!,general_inquiry
"Okay, thanks so much!",general_inquiry
Dommage merci pour la réponse 👌,general_inquiry
I cant get to this link bcoz it is saying to login amaozn aocunt.but my acount is on hold.plz unhold my account,account_access
I bet you won’t like to take any interest on this.......,general_inquiry
Il n’y a rien concernant les commandes là dedans....,general_inquiry
I have not received any mail ! Just spoke to escalation team . They said they solve the problem!,general_inquiry
Well ok but said it’s been dlvd so I can’t see how they will bother to deliver it now! I think they have washed their hands of it,general_inquiry
Forget it.,general_inquiry
Anytime you call me tell when you're replacing the fake product!,general_inquiry
"Ya recibí respuesta. Me dicen que mi estado de cuenta no es válido. Por favor, a qué se refieren? Especifiquen qué quieren porque los lacras de cobran 40 varos por dármelo.",general_inquiry
"Par un vendeur tiers, mais dans le suivi c'est marqué qu'il avait bien envoyé les produits",general_inquiry
May i just add that realising NO ACTION HAS BEEN TAKEN on my complaint is not much fun. Worst customer care EVER !,complaint
Error message 5505,general_inquiry
"Error message telling me ""wrong password"", but I am 100% sure my password was right. This happens to everyone around me ...",account_access
分かりました！ ありがとうございます,general_inquiry
"Also geprüft und für negativ befunden, ich hoffe das Paket kommt heute an und vor allem gut Verpackt, die 3te Box war leider zerknickt ...",general_inquiry
Still no sign of my item that should have arrived Wednesday....not impressed,order_status
Nothing other than Pre-formatted responses. Every order I’ve placed in the last 2 weeks has been delayed.,general_inquiry
"With Wonders will never cease! Now, with respect to my 'DELIVERED' item, i have received the following sms: ...1/n",order_status
Thank you!,general_inquiry
Whole day to get back to me ... Unexpected .,general_inquiry
Helloooooooo,general_inquiry
Great response by Amazon.... compensation of 500 INR...no legal action against seller &amp; brand #JeffBezos,escalation_required
They left it downstairs by the mailboxes. I'm home alone and had to lug them to the elevator myself,general_inquiry
"Si me permite realizar una nueva compra recibiéndolo del 13 al 23 de diciembre,porque no se hace efectivo mi pedido??",general_inquiry
I have had the hassle to provide my concern on the given link twice and it’s a pain. Use the details I already mentioned. I m not doing it,general_inquiry
So why am I paying for prime when it obviously doesn't get me anything? Why state next day delivery for an item when it can't be achieved?,order_status
By email through the website.,account_issue
The last update was on 22nd Oct saying it’s out for delivery.....you can’t tell me it take a over two weeks to deliver,order_status
I have received enquiry from media agencies on seriousness of Amazon scam in India. If you're failing to resolve the issues I will handling them all the details.,escalation_required
Delivery will be attempted again tomorrow. Who knows if attempt number 4 will be successful? Good job these are Christmas presents and not needed imminently.,order_status
Vendido por KC Navigation y gestionado por Amazon.,general_inquiry
Pode deixar! Obrigada!!,general_inquiry
I have not,general_inquiry
J'attends de constater la présence ou non du colis devant ma porte... de plus j'attends un autre colis de vous demain,general_inquiry
Still no call back...,general_inquiry
I called your support was put on hold for minutes and was told he would send a strongly worded email to the manager of the agent who organised the call. A lot of use that will do. I’m reporting you for nuisance,account_issue
"Order date 06-Oct-2017 Order # 406-8895581-1413106 Order total 3,719.00 (delete it again)",general_inquiry
"No they said they can’t speak to them only send an email, I have wrote on the delivery instructions to call me but haven’t heard anything, your courier has lied about delivering the item and lied that they attempted delivery yesterday. Can I contact him/her directly?",order_status
It’s not downloading any of the books I have and it won’t delete the ones I’ve returned,refund_request
ありがとうございます。ここから開けてくださいの穴、猫の手にちょうどよい大きさですね(=^･_･^=),general_inquiry
I had a chat with them. I want it delivered by today or please cancel it.,order_status
"Hi, yep left the feedback now. Thanks! 👌🤟🤟",general_inquiry
I’m going around and around since Tuesday with people from overseas that can’t understand what I’m saying and I can’t understand what they are saying. Why can’t I just speak to an American,general_inquiry
I’d have to PM you,general_inquiry
Amazon has encountered an error. Please try again shortly. This message appears every time I attempt to change my default list for days now.,account_issue
It's Worth to tell more because I am not getting any response from #Amazon,general_inquiry
but I can’t find the options to cancel or re-order?,refund_request
When can I expect replacement with orginal Bose Speakers!,general_inquiry
Amazon its a complete fraud now u are saying u will ship till 7th please for god sake #help #cancelorder #refund #fraud #poorcustomerservice,escalation_required
You should check again. My concern is that AMZL can't get packages to me consistently and that no one will address it directly.,order_status
But no-one can give me a revised delivery date.... that is all I wanted to know!,order_status
Dankesehr 💟,general_inquiry
Olha quem chegou 😍😍,general_inquiry
Great!😃😎,general_inquiry
Ok,general_inquiry
"I got it sorted out, after multiple phone calls and failed chat sessions (those were horrible btw)",complaint
Encaminhado!,general_inquiry
No?! They are identical! All I want is my money back!!!,refund_request
But no movies ?,general_inquiry
もしかしたら、無料って書いてあったので無料体験の登録をしたのかもしれません。,general_inquiry
Will do thank you,general_inquiry
Good morning Amazon idiots... third day in a row... today's delivery guys number 70385 67720....can u idiots call him and ask him to deliver... Bunch of incompetetive morons...get this sorted out today...n don't use empathy n sympathy,order_status
I am also having the same predicament! I got a confirmation message and email but am unable to access the presale!,account_access
"No tengo que hacerlo, llegó hoy el paquete, todo bien :) El problema está en la web, el tracking ponía que llegaba más tarde, bastante más. Gracias por preguntar",order_status
General customer support has no idea what I’m talking about and is just offering me the standard prime extension. I want the problem fixed not bribes to make me go away. Who do I need to speak with that’s a specialist in this area?,general_inquiry
"Consegui resolver o problema, mas precisei redefinir o aparelho. Obrigada!",general_inquiry
"Just found out UPS showed up and left a notice about me not being here to receive the package, they did not even ring the bell.",order_status
Ovviamente lettura rigorosamente su #Kindle Oasis 2017!,general_inquiry
Iam not able to open this site,general_inquiry
Done,general_inquiry
"Bah justement je ne sais pas, elle est en plusieurs parties apparemment",general_inquiry
Just did. How long will it take? Thank you &amp; happy thanksgiving,general_inquiry
hi! the date still says today and the carrier is fedex. they told me either to check a notice (i dont know where to find that because i live in a condo) or call the carrier,general_inquiry
Si,general_inquiry
"No, he presentado una reclamación diréctamente",general_inquiry
Delivery date changed once again!!,order_status
It shows this and says I've to arrange deliver?,general_inquiry
It did! I received my 📦 👯‍♀️,general_inquiry
I spoke to your customer executive and they provide best of their service which means nothing would be helped from their side but you have to solve this for future prospects.... thank you for your concern🙏🏻,general_inquiry
J’ai fais renvoyer un colis car il n’allait pas et j’ai fais une demande de remboursement et vous aviez dit que ça prend 5/6 jours de délais sauf que là ca en fait 9 et j’ai des cadeaux de noël à acheter vous voyez !,general_inquiry
And there was no indication that they had re-attempted delivery,order_status
Need support on seller central,general_inquiry
"I wonder, will UR uber boss #BenHartman get copied on this thread? Gotta say, I'm not a customer at the moment, only impacted by UR customers. This customer service experience greatly disinclines me 2 even consider #AmazonFresh. Maybe Mr. Hartman could change my mind. I dunno.",account_issue
"I did, nobody looked into yet!",general_inquiry
Por eso son los mejores ❤️,general_inquiry
I feel like you guys are just playing me now. This email makes no sense.,account_issue
"Already dispatched, so not possible. It’s how I saw it’s coming from the US.",general_inquiry
必ず交換してください。 配達員の問題だとしてもそのような配達員がいる配達業者にお願いするAmazonの問題でもありますよね。,general_inquiry
Will you follow me on twitter,general_inquiry
i know but i call all courier serviece they people cant home pick up so please arrange from your hand.,general_inquiry
"Não diz isso :( kk vou rezar pra q sobre no estoque e vcs prolonguem até a próxima semana então, obg!",general_inquiry
First thing i have not possible for self return. So pls arrange from your hand,refund_request
Have replied to Ur mail. Hope for a more logical response from your side.,general_inquiry
It can’t read code in daylight and the touchscreen only works on the top half of the screen. I’ll have to go back when dark that works 50%.,general_inquiry
"Wäre super, einen FireTV Stick fand er auch sinnlos und jetzt nutzt er ihn laufend :)",general_inquiry
Die Kaffeemaschine kam an! :) Natürlich kam sie Defekt an.,general_inquiry
"It was impossible for it to have arrived on time when it left 23 minutes before the deadline. Am I blacklisted or something? My recent experiences have been terrible, this is the 9th time I've had to engage support due to delivery issues, either late or lost outright in 3 orders.",escalation_required
Normalement c'était entre 2 et 5 semaines après le 6 août. Et toujours rien..,general_inquiry
Well I didn’t authorise it either so where exactly did it come from? I am in the process of returning it now.,refund_request
Hey so my package has not arrived yet. Can I get this sorted please,order_status
This is height of unprofessionalism. ARE U BOTH WINDING UP UR OPERATIONS,general_inquiry
"Perfecto,, Feliz dia 😊",general_inquiry
Yet again you’ve missed the promised delivery date by multiple days. And after spending 45 minutes on the phone to try and get it fixed it now late for a meeting,order_status
"Nein. Auch keine Karte. Leider kein Einzelfall, in den letzten 2-3 Wochen häuft es sich. Pakete ohne Zustellversuch bei Läden abgegeben oder Angeblich nicht angetroffen. Ein Paket ist ganz verschwunden. Support ist informiert, aber so geht es nicht weiter!",general_inquiry
"Ya , i shared details on link",general_inquiry
"Pode deixar , tchau 😘",general_inquiry
Apparently tomorrow. The saga of Amazon Prime delivery nor non delivery.,order_status
... I did respond back to... Thanks,general_inquiry
Shows as ‘on its way’ and only having left carrier depot at 9.40pm this evening. Delivery is by Amazon Logistics. App still shows the delivery date as today but when I go through the support section of the app it tells me scheduled delivery is tomorrow (30th),order_status
gracias!,general_inquiry
Ya lo hice y lo estan investigando. Tengo num. de inc. Estoy preocupada porque no se quien es ni porqué y sobre todo por mis dos peques.,general_inquiry
Miguel Ruiz. Eckhart Tolle,general_inquiry
I'll try that; thanks.,general_inquiry
Seems kinda pointless seen as Netflix is working fine and dandy on my laptop... 🙄,general_inquiry
Order id-407-2808023-6902735 Mails already done,general_inquiry
My issue was handle and refund granted through your AZGuarantee but no mention of what I'm suppose to do with the coat. Will a tag be sent so that I can return it or do I just keep it? Thanks,escalation_required
No one besides me has access to my account,account_access
"Yesterday, yes. But it was supposed to have already arrived by then! Can this item be delivered today? Or a similar one? Thank you.",order_status
I just did a bit earlier.,general_inquiry
As I said. I’ve cancelled it. And I’ll cancel prime if it reoccurrs,refund_request
".de I'm sorry, but I was so damn pissed in that moment... I was tired and already un-built (is that a thing...) my pc because I wanted to build it fastly after the arrival, but then it didn't come... It now says that it will be here tomorrow. Hopefully...",general_inquiry
non ho il kindle fire,general_inquiry
There’s no update from your side. Didn’t expected such things from &amp; !,account_issue
I was able to send my question through the link you provided. Thank you.,general_inquiry
I have given the reply for the 6th time now,general_inquiry
"No, just said ""running behind"". All our ordered food has been vegan, worst has been soft ice cream but people ordering meat could get sick.",complaint
Hoooorrrayyy! Not showing up on website yet as an option though?,general_inquiry
getting a replacement for sunday🙋🏻‍♂️,general_inquiry
"As per , this feature is not yet supported. When will this work in India?",order_status
"""Remotely"" awesome lol 👍👍👍👍",general_inquiry
That didn’t answer my question. How is it 2 day Shipping if it’s actually 4 Days?,general_inquiry
"«COLIS PRIVE» il y a écrit sur le suivi de colis. à savoir que j'ai un deuxième colis qui devait arriver hier mais celui-ci, pas d'avis",order_status
"Thank you for getting back. It's definitely not with a neighbour and it's definitely not been left outside anywhere, there's no note to say they tried to deliver or anything like that.",general_inquiry
I have not been called yet...,general_inquiry
"At time of order, del date was 10/29. Carrier is AMZL US.",general_inquiry
"Enormément, merci encore !! :D",general_inquiry
"Form filled, no resolution yet",general_inquiry
"Utterly frustrated! Just had another email, saying the same thing?! Everything automated, no individual touch.",complaint
Nope that doesn't help as no one has put closed captions on season 5!,general_inquiry
"I was on the phone for an hour; kids fire tablet not working , warranty is a lie and your agents are rude.",complaint
I will let you know. I had to escalate to get resolution which should have been offered by your first line.,general_inquiry
"i understand, but i am asking a general question, do you or do you not have a policy about late delivery with amazon prime?",order_status
Order placed 30/10 with stated prime delivery of 31/10. At 7.30pm informed delayed allow further 2 days! Not 1st time prime has failed!!,order_status
ありがとうございました,general_inquiry
It is a doorstep pick up but I need to bear the charges for the courier while I am struggling to get a refund for the already paid order,refund_request
Ha ha ha..sure :),general_inquiry
"I made a same day ship mid Monday and it said it would deliver that day. It didn’t. Today it still says out for delivery, still no show.",order_status
"Les he llamado varias veces y les he mandado mensajes, pero no he conseguido ponerme en contacto",general_inquiry
There not prime subscriber deals though. Plus I’m in the UK. I know where to find Black Friday deals. You again have not read nor understood my tweet have you? Is this account run from the same customer service centre in India?,general_inquiry
"Apologies, but my query does not conform to any of the self-serve options on the link you gave me. Even the ""Contact Us"" link has no options which conform to my query. This is what i'm seeing",general_inquiry
"So, you can’t tell me what Amazon means by “guaranteed” either? Is there a document you can point me to which clarifies? Not being sarcastic. Actually trying to understand what this means so I can make informed decisions for potential future purchases.",general_inquiry
"Was supposed to get an email from a customer service agent today before 9pm and nothing! No item, no money and seriously annoyed! Customer service is shocking!!",account_issue
Creo que por Amazon,general_inquiry
What Should I Do Now??,general_inquiry
"It say's ""Could not set your address. Please ensure you have correctly entered a complete address"" when I am entering my India address",account_issue
"No. Just Amazon. One delay in CA by way of KY, the other locally in Atlanta.",general_inquiry
"Regarding order no. 171-9580791-4474727. On 16 nov u r customer representative assured the said order will be delivered within a week, but till now no further updates, again I called customer care now he says it will be dispatched only after 24 nov only. What's wrong with you???",order_status
I haven’t got any reply yet!,general_inquiry
"I used to be able to watch my twitch streams with chromecast and now it says ""sorry"" this stream not available w chromecast buy me your stupid stick",product_info
I need a compensation for sure.....its purely your fault,general_inquiry
It’s just not fair. It’s not our fault and yet we’re the ones out of pocket and the goods undelivered. Best to use another courier or go to another address??,order_status
Ok thank you! I just didn't want to assume.,general_inquiry
Cannot contact as my access blocks site.,account_access
最近ポチりたい商品・・・うーん色々ありすぎてほしい物リストには登録してありますが、今一番ですとAnkerのBluetoothイヤホンですかね〜それとFire HD 10ですかね₍₍ (ง ˙ω˙)ว ⁾⁾,general_inquiry
Online AND over the phone,account_issue
"Yes, try dialing 180030009009, select any option, IVR would say use the app the call will disconnect.",general_inquiry
"Still not despatched, can you check what the delay is? This is the second problem I’ve had using prime next day delivery",order_status
No resolution provided.. Thats again a regret msg nothing more.. I need my products,general_inquiry
I have already given the order details you moron...what are u not able to find out...go figure out yourself...stupid ass,general_inquiry
"No I don’t as there isn’t a safe place to leave it, outside my house for anyone to steal definitely isn’t a safe place!",general_inquiry
"I contact your customer service daily and they only promise to resolve the issue in 24 hours, it's been 12 days now!",escalation_required
I'm currently speaking with duracell as I think they are counterfeit batteries personally,general_inquiry
No package.,order_status
Arriving today. That's all it's said since this morning. My mum is waiting in as is still waiting. Just a rough time frame would be kind,general_inquiry
I have replied to that mail but there is no response from the team.,general_inquiry
any idea when your issue will be sorted? #morrisseytickets,escalation_required
"Es vuestro y me consta en la pagina que llego al destino a las 20:30 de ayer, es decir ASM y que hoy estaba en reparto.",general_inquiry
Feedback? Are you kidding me? Where is my money and the package...bloddy idiots I am the prime customer and I want the shipment to be delivered rite now...I don't care about ur internal review...get me ur escalation point of contact to call me,order_status
well since my item was already delivered they were trying to give me the refund back at that moment but my refund wasnt processed yet so they could not give it to me and they said that i have to wait till it gets checked through then i will get my refund should be with another,order_status
"C’est pas faux, on a pas l’habitude au soleil dans notre département , la pluie et notre seul alliés lol vous pensez à tout 😋 indice 50+",general_inquiry
Your overcharging made my account to overdraft and now my bank is slapping me with a $35 overdraft fees... I expect you can fix this!,general_inquiry
Exemple d'article : Mais aussi les Kindle : Tout les Prime apparaissent au 28 Novembre au plus tôt !,general_inquiry
"I’ve sent an email, I would like someone from management to call me tomorrow at noon. I am far too angry at the moment to talk to you.",complaint
"Tudo correto. Endereço normal, onde resido e já recebi diversas entregas da Amazon, sem problemas. CEP correto no cadastro.",general_inquiry
why did no one just say that? 1 phone call 3 emails and all these tweets and not once did anyone say that. Worst customer experience ever,complaint
Yes I've already contacted my bank and they are saying.. no such transaction we can see from Amazon,billing_issue
I've no idea who,general_inquiry
Updated delivery date was yesterday (not sure why it wasn’t Tuesday) but still nothing. Carrier appears to be AMZL US. Tracking#TBA570338285000.,order_status
After the mechanic diagnosed one part defective we paid more than $700 in travel and repairs to replace the part we purchased from Amazon.,order_issue
I've tried that 'request a call' twice previously and simply been passed on to another dept who weren't able to resolve. It's down to to sort out &amp; they won't. have resolved similar UK issue tho. Wd be simple for to sort,escalation_required
done. Hope someone helps and just doesn't give us false promises this time🙄,general_inquiry
"Yes I believe so, I've asked for someone to contact me. They have reordered a new fire tv stick which I will receive Monday but only after pressing them for over an hour did they do these two things!!! It should not be this difficult to be an Amazon customer!!!",general_inquiry
"Quem está no período experimental do kindle unlimited pode assinar por 1,99??? Não tô conseguindo",general_inquiry
"Hi, I fill your form already, thanks~",general_inquiry
iPhoneですがアプリ以外で視聴する方法ありますか？,account_issue
Is this some kind of a joke where you keep giving new deadlines everyday?? Why promise guaranteed delivery if you can’t deliver??,order_status
I was able to get it to work on IE.,general_inquiry
Thanks for the quick response!,general_inquiry
How many times will the pick-up be rescheduled?,order_status
"That really sucks :S Oh well, here's to hoping you fix this in the future ;)",general_inquiry
The item doesn't appear on that page 😬,general_inquiry
Grata. Procuro parceria para divulgar pq meus leitores não tem costume de ler ebook. Se tem como anunciar os livros ou divulgar via Amazon,general_inquiry
"Yes ,maine bhar diya ha",general_inquiry
That link doesn’t take me to a direct email add. I want to know why I pay £80 for a service that I don’t benefit from.,account_issue
Its very headache so please pick up from your hand. I dont pick up any charges for courier so please arrange from u.,billing_issue
Thanks. Just sent.,general_inquiry
"Oui il est trop mignon xD il s'amuse comme un fou olala, j'aurais intérêt à ranger le tunnel la nuit si je veux pas qu'il m'empêche de dormir !",general_inquiry
( ﾟ∀ﾟ︎ )こりゃあ〜すげえや！！,general_inquiry
"I just want to return this, pls raise my concern. Not able to do this from my end. Dont expect anything from my end. If this not done then i will make sure will not buy anymore from",refund_request
I need help. I still don’t have my package and UPS is not helping. They claim to have attempted delivery even though I’ve been home waiting for this package. This happened both yesterday and today. I don’t know what to do next. I’m beyond frustrated at this point,complaint
Thats the thing I told customer service. I created a new email address for the Prime trial and forgot it. What can I do so I'm not charged?,billing_issue
I cant login to the amazon acount.but my money stuck in the accoibt,account_access
Cant reply to ur emails as these are aotomatic mails. And this is the only way to contact and where i getting proper reply.,account_issue
"This is like an everyday task with The agent calls and when asked to come in the allocated time a lot, reschedules the pickup",general_inquiry
わざわざありがとうございます、確認したところ架空請求でした。,general_inquiry
I've already waited a week!,general_inquiry
Know Amazon and buy products that Amazon will help his consumers in any conditions,general_inquiry
Now staring 30.11.17 to 05.12.17 #rubbish,general_inquiry
わざわざ返信してお知らせしていただけるとは…ありがとうございました。もう少しの間待ってみます,general_inquiry
Kindly organise for the pickup at your own sweet will. This shows the lax system and pathetic irregularities within your systems and people,general_inquiry
I cannot see the discount on the payment page.,billing_issue
Thank you. Any way he can do this by speaking to a human on the phone?! He’s 79 and not great with online forms! Thanks for your help...,account_issue
Your team only asks for 24 hours,general_inquiry
I’m just confused as to how a Speaker is Restricted?.. Is this exclusive to Amazon or will I be able to find it in stores upon release?,general_inquiry
"It's ok....I understand...I just don't think you should say it's 2-day shipping, that's all. :)",general_inquiry
Shared but no results of that. Fighting from past 3/4 months now.,general_inquiry
Is that a 24 hr line,general_inquiry
si ese fue cobrado y en el correo disen q en 15 dias aviles me hacen el rembolso,general_inquiry
Ive done that but it only gives me the option of the 1 months free trial and then £9.99 a month after. No way of clicking on the linkyousent,general_inquiry
No,general_inquiry
"Basically, my local UPS hub randomly holds my packages w/o notification. Last month, a prime order took 6 days because I couldn't go get it",order_status
"Il s’agit d’Amazon Logistics, mon adresse n’était pas assez précise, je pensais être livrée dans ma boîte aux lettres, le livreur a été impoli au possible pour me demander le numéro de l’étage et la porte...",general_inquiry
I was told for the past 3 days to check my local office because I shoud have the items by now,general_inquiry
I did for the first chat with Ashish and left positive feedback. 👍🏻 Chat with Shruti did not give me the feedback option.,general_inquiry
Yeah it’s this,general_inquiry
No idea what this is. It has never happened before it either goes to a neighbour or I get a calling card through the door. Regardless on the front of the house in full view is not a safe place. So why was it out there?,general_inquiry
Link is not getting open CEO,general_inquiry
amazon logistics,general_inquiry
"That worked... but it's now reverted back to only allowing Express Delivery (Monday). Have deleted and re-added my address again, but this time it's not allowing Sat/Sun delivery.",order_status
It said it was coming last night and then it said it was coming again tonight so I'm confused??? Still it has not arrived yet!,order_status
It says by November 3rd at 8 pm. I am just getting worried because that’s 2 days away now.,general_inquiry
Lo que me preocupa es el pedido y mas que nada el dinero si en dado caso de que no llegue :c,general_inquiry
No,general_inquiry
It's not fair though. Why pay for something then not get the service. I have cancelled the order and cancelled my membership. I won't be shopping with Amazon again and I will letting my family and friends know who also are prime members!,refund_request
Pode deixar 👍,general_inquiry
"immer noch nicht da, obwohl mir in Amazon Antwort versprochen wurde, Hermes aufzufordern schnellstmöglich zu liefern, wie gesagt Prime Kunde und Geld abgebucht. Das ist nicht mehr witzig!!!",general_inquiry
I chatted with Melwin. They assured me that the package would be delivered and that I would receive an email from them. Neither happened.,order_status
Was delivered by Amazon Logistics! Don’t have time to inspect it thoroughly now. Box clearly shows it’s a telescope and has a ‘This way up’ label in it. Mad beyond belief about this!,order_status
It’s a functional issue with your website and the Store Card that your reps keep blaming on your bank though it doesn’t have anything to do with them.,escalation_required
"Nobody has called till now, why are you sending fake replies",general_inquiry
"J’ai commandé lundi deux produits, bénéficiant de Prime j’ai opté pour la livraison le soir. Ils ne sont jamais arrivés.",general_inquiry
I’ve managed to do it now,general_inquiry
ご返信ありがとうございます。問い合わせさせていただきました。ご丁寧にありがとうございます。,general_inquiry
Todos los regalos de Navidad y otros para mi,general_inquiry
To whom I have to write back mention the id I will write what you want,general_inquiry
"Thank you but I just spent 2 hours on the phone with the Customer protection department and they can’t guarantee my money back but gave me the email to contact the fraud department. It was digital merchandise and according to your restrictions, a guarantee claim won’t work.",escalation_required
お忙しい中、丁寧にありがとうございます。 申告窓口へ報告します。(｀_´)ゞ,general_inquiry
Très bien. Merci.,general_inquiry
I have done TWICE palmed off once no reply other,general_inquiry
Delivery guy said he'll be running late,order_status
"Already got it taken care of, amazon looking like eBay 2.0",general_inquiry
Nd they want fax id proff.but i have different adress on my id proof,general_inquiry
Still nothing. Package now two weeks late. How patient do I have to be with an issue I brought to you two months ago?,escalation_required
I already completed that servey and provided poor feedback.,general_inquiry
I already called u guys and explained the issue but u guys told me that u guys are not reliable for your application glitches,escalation_required
Trovato! Grazie :),general_inquiry
चोट्टे,general_inquiry
"Sim! Principalmente quando olham minha estante dizem ""nooossa você já leu quantos desses?""",general_inquiry
I have filled the details,general_inquiry
non juste qu'une enquête est en cours et qu'il faut attendre jusqu'au 4 décembre,general_inquiry
your company's reputation by doing business with unprofessional postal services. Courier: Amazon Transportation Services Tracking #: 521691347415,order_status
"Have u gone mad, how many times shud I reply to emails? Jus provide me email ids or else I will complain in consumer forum for mental harassment.",account_issue
I already sent an email but thank you anyways!,account_issue
It is going to be a credit on my Amazon account. No bank no cc,general_inquiry
"I am not going to do anything more. If package not recd by nov 8,2017 then I will revert",order_status
Not upload winner list of LGQ6APPQUIZ on 30th nov,general_inquiry
read what i wrote. amazon india is listing pantry products under prime. and pantry does not have free prime shipping.,general_inquiry
It hasn’t arrived by the new estimated delivery date and you haven’t been responding. Care to help yet?,order_status
Thank you but I am going to order from another supplier which guarantees delivery and cancel my Prime subscription.,order_status
i better stop ordering from and start ordering from elsewhere. there is no more time commitment or customer satisfaction left,general_inquiry
"Si il y a de la place, je les prends 😊 oui bien sûr ce sont mes petites et pas de soucis",general_inquiry
Des informations partielles et contradictoires ... aujourd'hui chez Chronopost on me dit que le colis est tjs sur la plateforme amazon. chez Amazon on me dit qu'on doit attendre demain pour faire une nouvelle commande/envoi. 3/3,general_inquiry
"Called - they have been absolutely no help whatsoever. They have already tried to deliver today, outside of the times I specified, and will now try and deliver again but cant gaurantee it will be in specified time. What’s the point? You missed the original NDD, you need to fix it",general_inquiry
Normalmente é qual livro to lendo kkk,general_inquiry
"Não, quando eu tento devolver um livro eu recebo a mensagem ""livro devolvido"", mas assim que recarrego a página, o livro ainda está alugado",general_inquiry
I did.,general_inquiry
"The tracking indicated as here, and then, it seemed to go back in time, saying it was not here anymore. I believe it's USPS",order_status
Shallow words of a company that couldn’t give a damn,general_inquiry
"ok, je m'excuse mais je me retrouve avec les mêmes options : commandé à un tiers contacter le vendeur ... on tourne en rond",general_inquiry
Ok NOW I have a problem. An order was originally by yesterday and now it is saying any time before NEXT Saturday. If I knew it would be this much trouble I would have bought it in a shop because I need it. And of course I can’t cancel it now. Help?,refund_request
Fiancé. Told by customer service to wait 24 hours. My fiancé has no presents to open when he gets home from work,general_inquiry
Do I have to share email thread of how they are treating to me.,account_issue
"Ok, if you guys need anything from me let me know. I have UPS proof of tracking, transactions from Amazon, and transcripts from Amazon saved. Thank you",order_status
Directly from yourselves!!,general_inquiry
"Not your fault. It's the stupid (great that u responded, notice they didn't). They're always giving me my neighbor's mail too. Thanks",general_inquiry
"Ya no necesito encontrar al amor de mi vida porque me quiero casar contigo, Amazon. O no.",general_inquiry
It was a great help from ur side with ur pre scripted n repeated answers n yes for delivering a soap in d packet of phone.,account_issue
"To be clear, this isn’t 3 items. This is 3 multi-item orders. All delayed now. And judging from your fb mentions, I’m far from alone. 😕",general_inquiry
"Done. And I don't appreciate feeling harassed or having to defend my order, especially when I've had orders delivered before.",order_status
"Not anymore, I canceled the item that was going to arrive after the cutoff.",order_status
"Too long to write but when I called it was more of a friendly inquiry and when I hung up I was downright confused, angered and don't know if or when my order will arrive at this point. Horrible call.",complaint
Acabei de comprar o Kindle 😍,general_inquiry
I think I am talking with ROBOT..only copy paste line I received.. my biggest mistake to purchase from #Amazon ..,general_inquiry
Directo con Amazon,general_inquiry
"Bonjour, mon problème est qu’on ne m’a pas livré mon colis mardi (alors que j’étais à la maison), qu’on m’a demandé de reprogrammé, ce que j’ai fait pour mercredi, j’ai attendu toute la journée sans pouvoir sortir, pas de message, pas de livreur, qu’on me dit que j’étais absente",general_inquiry
Antes era um link exclusivo para quadrinhos e até alguns nem havia preço ainda.,general_inquiry
It was supposed to be delivered today and now it's saying rescheduled due to customer request. And I have not request anything,order_status
Just let the user know what charges might apply when a change is made. As simple as an alert. #UX #CustomerService #CustomerExperience,billing_issue
I still don't have it 😭,general_inquiry
"Lo mío ha sido un tuit sincero, sin ironía.",general_inquiry
I am busy now . By Saturday if don't get replacement product! I will share the entire incident in all major platforms.so that people aware about fake product sold at Amazon,general_inquiry
merci pour votre réponse,general_inquiry
10 hours ago.,general_inquiry
Spoke to the delivery guy said he'll be here in 2mins but it's already 15mins!!,order_status
Can I expect resolution from the boss,general_inquiry
Not received any email,account_issue
i have ordered using amazon pay balance for first time and cash back of 20%is not credidted to account since 15days,general_inquiry
"Ok, merci :)",general_inquiry
Yes. All week. Utterly useless. Two now been stolen,complaint
"Yes, reported every one of the above. Multiple times &amp;requested a reason for 'failed to deliver'. Had 2 products re-ordered twice, but most just get a 'refund' notice- no further action, usually a week or two later after being PROMISED it will be delivered 24-48 hours later...",order_status
"Bom dia, um dos itens estava por encomenda e não recebi nenhum e-mail informando do pagamento",general_inquiry
Gracias! ;),general_inquiry
¡Ayer llamé al menos 7 veces! Tendrían q ser Vds los q contacten conmigo. Muy mala experiencia!!!!,general_inquiry
Thank you very much for addressing my concern this short notice.,account_issue
¿A poco no mi Holly está bien chispa? P.D. Quiero un dinosaurio como Ruperto.,general_inquiry
Your customer executive was extremely rude and kept on insulting and disconnected the call when I told her to provide me whatever confirmation she is giving me on call in written. Why are you guys so afraid to give something in written? Fraudsters !!!,escalation_required
I've had no emails only the confirmation emails that password has been reset and still doesn't let me log in just says incorrect password,account_access
私はあなたに私の口座情報を伝えることができますか？可能であれば、長距離電話をしないでください。,general_inquiry
I have already contacted them since two days but issue not yet solved.,escalation_required
So still nothing.,general_inquiry
"Bonjour. Depuis hier matin ça indique ""Votre colis est en cours de livraison"".",general_inquiry
Ok. It doesnt list the cost? &amp; wat exactly is my $3 a month pay for?,general_inquiry
Why do I need to do this again?,general_inquiry
#AmazonIndia what would reaching out that to end of day would do..Better try to get this atleast delivered today. That would be more helpful,order_status
"nossa, nessa black friday foram uns 10 📖❤️",general_inquiry
Check this..,general_inquiry
"Thanks, I called. The agent says the order has been received, but not shipped. Still anticipate a Friday delivery",order_status
"I’m afraid I need to retract that?! After numerous emails &amp; phone calls, still not sorted! The words were great, just not the actions to follow it up 😩😩😩",account_issue
Which might be the reason I did not see the email. I probably did received one however I have lost access to my previous email address,order_issue
"Day is over so your day promise,how would you compensate now? It wasn't to be delivered today, very simple reason agent's no. was not shared",order_status
"1st item ($15) I was told tomorrow, the item never was delivered, ""lost in transit""; 2nd item ($630) I was told tomorrow, item showed up 13 days late; 3rd item ($50) I was told tomorrow, tomorrow is nearly over and no item. Why am I paying for Prime, nothing is being delivered??",order_status
"This is what it says now, I'm not happy as I was excited to receive this today 😣",general_inquiry
I’m looking to reroute all my packages (except 1) to a nearby Amazon locker. I’ll DM you now :),order_status
"Yeah, all of them and I still have no parcel. What's going on!?",general_inquiry
Thanks for your help! What happens if when I hold the home button I don't get a mirroring option? See photo,general_inquiry
"Thank you for your help. Have done exactly what you said and am no further on. Been told to order the items, then email cust services and they might issue refund. Offer ends 30th and i will get a reply in 24 hours. Very poor telephone cust service and I'm not placing an order",escalation_required
I have emailed you now so will wait for your reply hopefully this can be resolved soon,account_issue
Solo dice “en reparto” pero no tiene un número de contacto con el repartidor que es de Amazon Services 😩,general_inquiry
OK thanks anyway. I'll keep an eye out for it,general_inquiry
et pour l'avis de passage ? j'en fais quoi ? la poste peut me filer mon colis avec ce petit bout bois ?,general_inquiry
If you can see it!,general_inquiry
"Je voulais acheter l'album de Joke ""Ultraviolet"" mais il n'est plus disponible sur votre site, pourtant vous aviez assuré qu'il serait disponible le 24/11",general_inquiry
a previsão é dia 6 😥,general_inquiry
I can not mention it here as it is big.,general_inquiry
you completely messed up an order a while back an credited me £30. I ordered something which arrived too small. Sent back and,order_status
"So if a mistake is made, it’s fair for your customers to not be able to correct it?",general_inquiry
本当にありがとうございます！ まだ、番号のメールが来てないのですが、 ゆっくりまってみます。,general_inquiry
vi ringrazio! Devono aver sbagliato quelli di Bompiani.,general_inquiry
I haven't actually finished the sign up yet..,general_inquiry
im currently on hold with the helpline...,general_inquiry
Unfortunately it is not. How do I raise this directly?,general_inquiry
"The latest package I have not yet, been told it might come today and been given a refund as well. Although seems unfair that the seller should be impacted. Previous package did arrive early next morning after I had complained to. Customer services...",order_status
"Gerne, aber erst morgen wenn ok. Muss jetzt erstmal mind. 1 stange bonbons Essen!:3",general_inquiry
Just sent DM.,general_inquiry
"Si, linee guida rispettate in entrambe le recensioni. Si vede che la foto è troppo scomoda.",general_inquiry
To order again!,general_inquiry
Your return pickup for 407-4463037-6609940 has been scheduled for 02-Nov between 1-4PM. Why am I called that it will be picked in next 1 hr?,order_status
Hi. This is where I'm stuck. When will you initiate the pick up?,order_status
"Had a response saying within next 18-24 hours... Aaarrrrrgh!!! Why is it so difficult!?! Surely you can track where it is, and where the driver is, and what the route is.........?",general_inquiry
先ほど修正されているのを確認致しました。 素早い対応ありがとうございました！,general_inquiry
No not @ all! I was hung up on x2 by CS &amp; was not told why/how they tried 2 deliver. Bad service &amp; Amazon basically washed there hands of me,general_inquiry
"The order normally was supposed to arrive on November 25th, then it got delayed and the date was November 28th, and still nothing",order_status
I'll go ahead and post those emails,account_issue
"Très bien , merci.",general_inquiry
Till now I have noticed it in a couple of episodes of mike and molly and also in 'the middle',general_inquiry
Request to pls look into the same as account team is not available on phone,account_issue
"Si, es correos y pedí ke viniesen a x el pakete pero me pedian ke me kedase o toda una mañana o toda una tarde en casa pero y mi trabajo??",general_inquiry
Is that a joke amazon! I CANT LOG IN TO CONTACT YOU BECAUSE THEY CHANGED MY EMAIL AND PASSWORD,account_access
wht explanation would you like 2 gv now as mor order got cancelled n products r returned back after waiting 4 mor thn two weeks?,refund_request
Ahhh. That would make sense. Thank you.,general_inquiry
"I can't be bothered to go into it again, it's all just too damn painful. Think I'll just cancel instead and, inevitably, buy less stuff with you as a result. But you don't care right? Just want to take it to DM so I can sh",refund_request
If I changed the delivery address now will it still be delivered today or tomorrow?,order_status
Yes i have received reference number,general_inquiry
"Hahaha I got assurance ,trust me it will be delivered today",order_status
Original promised delivery date was yesterday to this Friday.,order_status
"i did this same thing 2 times , why your team is not looking into this ?",general_inquiry
"Yaa sir, i responded your letest concern at 3:24pm as i got the mail at 3:19pm today. Please check ur detail and correspondence. Sir, u cant understand my problem as i paid for nothing, and now also having too much headach u guys and ur team. Plz check ur mail and make my refund.",refund_request
Pour me dire d’attendre encore 48h ? MDR ! C’est un vrai Sketch. Par contre mon argent lui il a pas attendu 48h pour être prélevé ! Je m’en souviendrais du #BlackFriday2017 chez #Amazon !,general_inquiry
A call back would be preferable!,general_inquiry
Amazon.ca,general_inquiry
I was advised exactly what I said - to return the item and I’d get refunded. That was it. Apparently not a full refund as there’s no option for ‘this was amazon’s mistake’.,refund_request
"I have replied Sir, try and understand the gratitude of this event. You are exposing yourself in bad light",general_inquiry
Package appeared! 😁 Carried out extensive door-to-door enquiries &amp; it was handed to someone in another part of the street last night. No communication - just shoved into her hands! Driver then ran off &amp; ignored her calling him.,order_status
It's now a police matter. You could check the police report.,escalation_required
That link is re reporting a suspicious email?,account_issue
"Hola, es que cuando hago login me manda a una página que ya leí, pero necesito hablar con un asesor",account_access
"Yes, products never delivered with promise time.",order_status
Si codice tracking BA0104708903 Oltretutto non aggiornate mai la sezione traccia il mio pacco con questo corriere...per quest'ordine cosi come per altri precedenti,order_status
"1/2 Safe to say won't be delivered this evening How long do I have to wait? If I have to reorder which seems highly likely, Friday delivery",order_status
リプライありがとうございます。コミネのネオプレーンハンドルウォーマーを購入したところ左右一組ではなく左が二つのものが届いてしまいました。開封してから気付いてしまったのですが返品、交換したいのですがこの場合どうすればよいでしょうか？,general_inquiry
-5 out of 5 for delivery service. I didn't pay prime delivery charges that's why it's happening to me.,order_status
プライム会員になって2年ほど経ちましたが初めてビデオを見ました！ 意外と便利ですね！,general_inquiry
Rcvd incomplete reply. Complaint not being read properly. It is a response about Gift cards. Query on Amazon Pay Bal. not being answered.,general_inquiry
no e recivido nada bueno esq el pedido lo hizo mi hijo xq tiene cuenta pero la tarjeta es mia y asta ahorita no emos recivido ningun correo,general_inquiry
"Yes, but I also received a new (incorrect) delivery date on Monday. I spent a few hours on the phone with UPS today, maybe tomorrow will be different. I'm not concerned with the delay itself, I am with the inaccuracy. Don't call it an guarantee if it's gonna take 2x as long.",order_status
Is 15 days not sufficient for you guys to investigate a money fraud? Whats the update on my mail sent yesterday for follow up? #AmazonFails #AmazonFraud #AmazonPay #AmazonPayQuiz,escalation_required
Ouais j’ai envoyer un truc par mail.... j’espère qu’il y aura réponse.....,general_inquiry
Possible DM pour une informations d'un produit ?,general_inquiry
Please tell to courier service call my number and reconfirm the address. And deliver my parcel.,account_issue
ご親切にどうもありがとうございます。 買おうと思った商品が出品者の意向でキャンセルになり、同じ商品が出品されたまま１万円値段が上がっていました。不可解です。,general_inquiry
"jueves, 02 de noviembre🍂",general_inquiry
It was updated to 10/30 later but that was also wrong,account_issue
that time u people asking tracking parcel details.,order_status
No I’ve been told it’s an internal investigation and I won’t know the reason why!,general_inquiry
Disappointing service from again delivery boy rejects to deliver my product he said do whatever u want i am not gonna deliver today and last date for delivery is today itself better to use,order_status
I allready replied. I clearly say that please pick up from your hand.,general_inquiry
UPS website says delayed due to unexpected circumstances. Not very helpful.,general_inquiry
Please do it fast,general_inquiry
Je l’ai fait. Malheureusement ça ne change pas grand chose,account_issue
Date de livraison prévue aujourd'hui avant 20h,general_inquiry
Thank you - done.,general_inquiry
No updates even after 2 weeks....poor n shame on Amazon...#JeffBezos,complaint
"Eu não vou fazer nada não pq a entrega tá no prazo, fica só o alerta ai pra vcs da transportadora inventando historinha",general_inquiry
"now see 4 more Screenshot of Order ID-4__credit_card__. __email__, Reg Mob-9717597841.i am perpetually contacting Amazon to Deliver this product on High But ATS failed to Deliver.Need Token of Apology for this Rs1000 Gift",account_issue
"Il est intact et marche parfaitement, c'est pour ça que je n'en fais pas tout un scandale non. Mais bon attention la prochaine fois... Le transporteur c'était : Transporteur : Amazon Logistics, n° de suivi C20028579063",general_inquiry
"the expected arrival and/or delivery date is inaccurate. It constantly says ""out for delivery"" and is in the city where the local post office is located but it takes days for it to actually arrive at my home. On multiple occasions it says ""arriving tonight"" but it takes days",order_status
kuss auf dein kopfhörers bei callcenter,general_inquiry
Saying I have exceeded number of tickets... I only want two. Others reporting this for Brighton too...,general_inquiry
STILL NO RESPONSE FROM AMAZON! Disgusting customer service! Should be ashamed!!,complaint
Please call me,general_inquiry
Ainda hj,general_inquiry
I already replied on mails..no more mails...I have seen the way Amazon handled the situation...call me &amp; clear can it done or not,general_inquiry
Awful experience. Finally sorted today hopefully - got hold of rep with an Irish accent. Helpful and polite. Replacement on its way.,complaint
I had replied almost as soon as you posted about the email and sent it. I want to know what action has been taken on my complaint.,account_issue
"Except that isn't the case. 1 Why not? 2 Why are you sending people to The Works? 3 Why is that book in Home &amp; KItchen? 4 What do you suggest I say to Bonnier when I call their switchboard as you suggest, to find out what Amazon is up to? 5 What is the point of having Prime?",general_inquiry
I went through the link thanks for the reply . But the price mentioned on the item is just 3 months old as date of import is 08/17 . That too post GST . So there is no question of the price being higher than MRP,general_inquiry
Amazon 8inch fire he with alexa,general_inquiry
Lo haré. Gracias.,general_inquiry
C’est noté ☺️,general_inquiry
Your customer service has reverted saying that apparently the package has been delivered and signed by receipt my yesterday. Not true.,order_status
I’ve emailed as chat unavailable. Hope to hear soon,account_issue
Yes and yes.,general_inquiry
Ok thank for helping.,general_inquiry
"It was a prime product being filled by Amazon, When I purchased it on the 20th.",general_inquiry
"My situation has already been reported twice, so it's well documented there with you guys. At any rate, however, here a post of the full situation on Facebook:",general_inquiry
"No specific date. It just amazes me that I order in advance, but people on a whim can go to a shop and get it before me.",general_inquiry
How this order got cancelled for 'payment declined' reason where my Amazon Pay Balance was 9300 (2500 in money &amp; 6800 in Gifts and Credit )at the time of order and 8999 was deducted? Even no refund made till now for Gifts &amp; Credit money (Rs. 6800). It's simple fraud by Amazon.,escalation_required
Io utilizzo il Paperwhite :),general_inquiry
still no action. Disappointed,complaint
"I am unable to drop you a mail through this link as there's no email id associated with this account, it's a mobile account. Facing trouble.",account_issue
Just shared....if u can call me i will explain detaily...i will provide my number in personal message,general_inquiry
Salve purtroppo nessuno sa niente! Non so veramente come fare...,general_inquiry
"The thing is - I don’t have access to the email address my amazon account was linked to, the address was desactivated. So there’s nothing I can do from my end. Thats why I don’t understand why i was debited for a membership for an account suspended by you guys!",account_access
Thanks a LOT,general_inquiry
Done.Lets see know how fast you'll revert,general_inquiry
Yes they are in stock when I purchased them an still are now,product_info
"If it's in stock, why wouldn't it ship today or tomorrow?",product_info
Still the issue is open....how come its taking so long?,escalation_required
Spoken to a member of your uk team who was very helpful (even used mayday service).,general_inquiry
"I did place an order (at amazon uk though) after cancelling, but that was two weeks ago. Also I made sure to not tick any of the several dozens Prime membership buttons when ordering.",refund_request
There is no timeline for this wait.. no words to say. Such a frustrating service. will Lodge a complaint in consumer court,escalation_required
Want one final answer. Will be u resolve my issue or not ? Delivered refurbished device and keeping calm. Not fair at all,escalation_required
Still nothing posted. What are the odds anyway?,general_inquiry
Done that. Was told I would definitely have it by 9pm yesterday &amp; it's still not been delivered!!!!,order_status
DAMN IPHONE WITH THE BROKEN I,order_issue
Desde el 11-9. He cumplido TODO lo que me pedísteis. El hartazgo es total. Mirad mi historial desde ese día.,general_inquiry
"Yes, it is",general_inquiry
Ahhh okay makes sense :) thank you! I hope my package comes Friday 🙌,order_status
"A person call me for pick up product for return, he reached home but due to non availability of box he told with to check with company...but he neither revert not come back.... Wat is happening?",refund_request
"I shared details 100 times, could u plz check details. U doing all this, and making such excuses bcoz u r #fraud. Call in 5 min",escalation_required
why no response from your side?,general_inquiry
Tried ordering a briefcase and have called multiple times trying to find out where it is with different answers each time,general_inquiry
@ amzon CEO can some help me .we are cheated by amzon and no one responding .feeling helpless,general_inquiry
The rep said I must ship back the lens caps to the US. Is there no other way? The shipping from the Philippines is gonna cost more than the lens caps themselves. Thanks,general_inquiry
"Thank you. Spoke with customer service who was very nice &amp; helpful &amp; put me straight through to a Competent logistics person who documented issue, researched my acct &amp; was going to contact delivery Svc directly to ensure procedures followed. Time will tell. Thank you.",escalation_required
1 commande par colis privé et l’autre par également par colis privé.,general_inquiry
"24 hours come and gone, but no update yet again. Do I have to call to get one?",account_issue
今までコンビニで支払いが出きるという支払い方法でAmazonさんにお世話になっていたんですけど、選択画面にその支払い方法が表示されなくて、色々いじってみたんですけどどうにも……！,general_inquiry
"I am contacting Amazon since 28/11/2107 but no one helps me. I purchased a mobile on the said date, my Amazon Pay balance deducted but order cancelled, I am still waiting for refund",refund_request
Yep,general_inquiry
"What should i do in this page, You people here just to upset your customer #UNINSTALLAMAZON",general_inquiry
"Schon erledigt. Bekomme ich denn direkt Ersatz zugeschickt, oder muss ich den Artikel erst an euch senden?",general_inquiry
Sir pls update ur page abt prizes !! Or it seems to be a gimmick for us..,account_issue
That’s not what he said. He tried to make excuses as to why the driver had left it there. (Raining etc) it’s completely unacceptable,general_inquiry
Hi ☺️ I did indeed. A two-hour slot which is what I normally choose and used to be free. Has this recently changed?,account_issue
"#AmazonIndia few more lies from #aramex . Incorrect address, time restricted, office,.. Is home not an office address. Stop lying",account_issue
Missed order today as was delivered after the office had closed. Try to find out how to rearrange delivery and keep going round in circles with your help section,order_status
"I'm sure they'll ""re""-deliver tomorrow anyway, and there's no option in the page you linked to for that situation. But it feels like the delivery guy couldn't be bothered to drive down the lane, let alone ring the bell.",order_status
I have just tried that &amp; was advised that no action could be taken until Friday 01 December.,general_inquiry
Specifically this one,general_inquiry
Have already done that. Request your prompt action,general_inquiry
Just the standard one!,general_inquiry
"I have been calling daily Amazon cs, as my replacement was to be delivered on 25th on priority as told by agent not yet received !!",order_status
ya utilizamos esa opcion pero nos dise q estan preparando el envio,general_inquiry
"Sin duda es empezar poco a poco. Primero 10min caminando, 5 trotando; luego 15 y 10 y así hasta lograr correr 30min seguidos",general_inquiry
I called and cancelled the order. I have wasted too much time on the phone and there is no reason why you would make the delivery tomorrow,order_status
You definitely don’t understand. Stop giving generic responses. FIX IT!,general_inquiry
I rcv a call but ivr lady says that they can't find details of my order and finishes the call on her own. That's been the case for the last 10-15 attempts. I have tried different ivr options but not able to get thru in any way. Plz help!,general_inquiry
Thanks a lot for your response at the earliest. Hope Amazon won't disappoint me 😋😋 Thanks buddy- chendhu from india,general_inquiry
His parcels keep going next door as the previous owner was using his adress as hers,general_inquiry
Too late. It's smashed to bits and in the bin. Ta for replying,general_inquiry
"Its my neighbour, but i know they will deny recieving it, so looks like ive lost out 😂",order_issue
They are saying that amazon took the courier scanned it and returned.. they have no idea on how the box is empty,refund_request
I was able to access that link on my phone so have emailed. Thanks so much ❤️,account_access
"August, I can no longer log into my account to be more specific, I can only provide the date and cost of the items. My account for shut down due to suspicious activity around the same time.",account_access
"Suites You.. ""CONFUSION"" Because you still in this. Can I get the Surety that Delivery Executive will not ask for the Pickup of Original Order. Amazed to see how talented Team is there for resolving complaints. #NoCalls #CopyPasteEmails",order_status
bom pelo visto de desconto teve nada né.,general_inquiry
Tried that. Just asks me to contact seller first. That's why I came to twitter. But different people keep responding so I'm getting nowhere.,general_inquiry
another 14 hours have gone buy and no assistance or resolution on trying to get my daughter's teen account on an HD fire 10. 62 hours and no response is not acceptable....,general_inquiry
If nothing happens then I will put on FB also,general_inquiry
"I used some tactics and got it out in the end, thanks for checking. I just need to bear in mind for future!",general_inquiry
"El embalaje es importante porque puede dañar el producto, pero lo más grave es que me envían una caja sin precinto de garantía. He comprado un producto nuevo y debería haberlo recibido debidamente cerrado además por supuesto de libre de golpes.",general_inquiry
trying to buy tickets for brighton but as soon as it went up even 1 ticket was exceeding the limit?,general_inquiry
"Hi? I sent in the email but still no reply 20 hours later. Please help out with this, it's really urgent. THanks",account_issue
"I have, but went to purchase the tickets at 10:02 and it is now 10:35 not likely. What a rip off, pre order for pre sale that doesn't work.",general_inquiry
You can just change it by a) getting in touch with your 'trusted' service provider and find out what happened and b) just fix it in line with #CustomerExperience strategy made by and your management team,account_issue
but i get message from amazon stating that delivery boy tried delivering but customer was not available. just lies served by amazon.,order_status
"we already have, they said they will get back to us within 48 hours. One of those items was a new phone :/",account_issue
"Je ne recevrai mes colis que demain , merci de m’avoir prévenu qu’en fin de journée que je ne recevrai rien aujourd’hui, sans justification qui plus est!",general_inquiry
I have already shared my details few days back but you guys were also incapable to resolve my issue,escalation_required
"Dear amazone, one of my order is not delivered Philips head phone with mic please take as priority I am not happy to your delivery boy",order_status
all emails already shared with earlier tweet.,account_issue
"By Artist, what's the minimum number of characters required to produce results? I'll try Album &amp; Song when I get home and send the results.",general_inquiry
When will be the earliest?? 1 more month?,order_status
Just that the specialist team were investigating and this may take 48hrs (at time of email sent to me early hours of this morning).,account_issue
"a package was meant to turn up today, but it didn't but the driver has said that it's delivered on the records.",order_status
"already tried help by mail and still problem persist, please close my account and don't want to be a customer anymore",general_inquiry
... Leaves a rather sour taste in the mouth of a customer who pays for prime delivery. Not even like my house is hard to find... Unimpressed,order_status
"Hola, el producto como tal parece haber llegado en buen estado, sin embargo las cajas venían hechas un destrozo y faltaba la documentación. El producto os lo compré a vosotros directamente, adjunto una foto:",general_inquiry
"I'm learning German, so I don't really mind between German/English. If I have to choose, I say German.",general_inquiry
"Dovreste aggiungere un tasto ""Compra tutta la lista"". 🤣",general_inquiry
Amazon Store Card. You guys badgered me to get one and due to your technical issues can't use it.,escalation_required
Your customer care team denied offering anything and stated that we will treat this case closed and disconnected my call today. No solution,general_inquiry
"I am following you now, if you send me a DM, I can send you back my phone number and you could get a competent rep from customer service to call me back. Thank you",account_issue
It came after all. :) Thank you,general_inquiry
Se lo he explicado por MD,general_inquiry
I don’t remember &amp; it was through,general_inquiry
"Being #harrassed by the delivery guys for days, reached out to customer service multiple times but hardly any resolution !",order_status
je CEO i read out your mail .no timeline given when pick up will be done and when amount will returened,general_inquiry
Amazon seller support team is not providing pickup service on time to new seller. We are chasing them from 23rd Oct and lost our 4 orders,order_issue
"Seems like it's a random issue, checked just now mike and molly episodes are back",escalation_required
"form has been filled awaiting for a solution n refund. I have already invested my energy in explaining before, kindly treat it urgent.",refund_request
It says the 2nd of December....2 days an still not dispatched yet it's been 5 days it didn't take this long when I ordered it off the American site,general_inquiry
I will try and contact the couriers tomorrow. I am still annoyed that an amazon customer service member hung up on me and I feel like this hasn’t been resolved. I feel like I have no parcel and have still been charged - I just want my present!,billing_issue
Don't worry I realise that a will to live is not something you can buy. It was simply wishful thinking 😭,general_inquiry
"Já foi cobrado no cartão, inclusive realizei uma compra com vocês posteriormente e os livros já estão aqui em casa!",general_inquiry
Done,general_inquiry
merci,general_inquiry
"Thank you guys so much, the issue has been resolved. A replacement is being sent",escalation_required
is ur investigation done??,general_inquiry
"Acabou de chegaaaaaaar, obrigadaaaaa",general_inquiry
will you make it today?,general_inquiry
How soon?,general_inquiry
"just reinstalled, still no AR. is it releasing on a rolling basis?",general_inquiry
"It’s been canceled. Doesn’t make up for how upset she was, though. #primenotsoprime #sadkid",refund_request
Done long time back. Almost a month back. No status change,order_status
"Und warum soll meine Zahlungsart automatisch abgelehnt worden sein? Da ich keine Kreditkarte habe, war das wohl die letzte Bestellung",general_inquiry
Possible d'avoir le numéro? pcq j'ai déjà appeler un de vos service clients ils m'ont répondu la même chose que vous...,general_inquiry
From Amazon ordered back in August 😠,general_inquiry
"I sent in the link and in 1""2-24 hours"" I expect to hear from . I hope the scum that hacked my account isn't on a shopping spree!",general_inquiry
To why?,general_inquiry
"Non je sais même pas où vous joindre, j'aimerais juste qu'on me livre de nouveaux ce colis jamais livré !",general_inquiry
GRACIAS POR COMENTAR ✊👌🤗,general_inquiry
"El producto que agregué al carrito decía ""vendido y enviado por amazon mexico""",general_inquiry
会費は年会費ですか？月額ですか？,general_inquiry
Jajajaja hacer un reembolso que estaba esperando desde hace 1 mes 🙌,general_inquiry
This says will be reaching please can some one really #help me I promise wont make any further purchase with #Amazon #help #shameful,complaint
Cool! Danke für die Info 🙈😊,general_inquiry
Yes,general_inquiry
"can not find my order, and costumer care can't cannect my any call or else. Amazon India refund my payment otherwise pay for that",refund_request
"Vendido y enviado por amazon. Lo que me gustaría saber si llegará el lunes o no, ya que estoy perdido al que cambiara la fecha jaja",general_inquiry
"Non, je ne trouve pas où sont les coordonnées pour les joindre",general_inquiry
"I will not do that, m fed up of doing thst and you people keep repeating same, now just refund my money",refund_request
Shall I wait for life? Worst customer service...pathetic!,complaint
I will escalate this to highest authorities. What a pain this has been! Have already shared all data and called 10 times.,escalation_required
therevis no resolution. you are asking me to throw it in dumpster. why do you sell stolen products?,general_inquiry
Ahora solo quieren o devolverme ese dinero en saldo de Amazon o si me lo reintegran en la tarjeta no puedo devolver el producto,general_inquiry
Have already share the order ID. U can check,general_inquiry
"Dear , I am going to install the product ( as it is very delayed now☹️) and send you the charges for the same. Kindly reimburse the balance in form of amazon pay balance. Thank you.",billing_issue
Ohhh come on...don't be a freak...who has kept u on the job? You are not committing a time when u would take an action? Also confirm whether you will be calling me up by today end of the day? Only if u have questions to these answers you reply...,general_inquiry
Hay es donde está el detalle desde ayer y lo que va de hoy los mensajes de texto no me llegan :(. Siempre me llegaban rápido,general_inquiry
By a seller. Not Amazon.,general_inquiry
One can get so hassled filing up your forms that would want to give up on the issue at hand. Feels like a mistake to bring it up.,escalation_required
Can you please get in touch with because it's for me not possible to get to them the info that the delivery has never arrived but is stated in their report as delivered. Thank you!,order_status
"they replied telling us it is a glitch Amazon end and we will have to be 'patient'. Hope my staff, landlord and suppliers are patient too!",general_inquiry
"Thank you for providing that information, it is very helpful. The problem is ""Free Delivery"" with Prime is less of a perk when the recourse is a refunded shipping fee. I literally don't have a place to sleep because I expected to receive this mattress by the ""guaranteed"" date.",order_status
You know it's some fucked up shit when you gotta conference call and,general_inquiry
"No me envías un producto que tienen en stock,y la solución es que lo vuelva a comprar y obviamente más caro...para q funciona entonces la preventa de Amazon #amazon #preventa",product_info
"Except that isn't the case. 1 Why not? 2 Why are you sending people to The Works? 3 Why is that book in Home &amp; KItchen? 4 What do you suggest I say to Bonnier when I call their switchboard as you suggest, to find out what Amazon is up to? 5 What is the point of having Prime?",general_inquiry
Oh no!!! Thanks anyway. Wish me luck trying to get tickets on Friday...,general_inquiry
ahora el msj q sale es q estan preparando el envio eso kiere decir q si esta mi pedido xq lo hize alas 12:15 y asta ahorita no recivo correo ni mensaje,general_inquiry
So far this isn’t going well. After trying to explain to a woman what has happened I was put on hold for 20 minutes before being transferred to a supervisor. After 10 minutes of explaining again he says he’ll phone me back. I just want my package.,order_status
Of course I have!,general_inquiry
"Much appreciated, and I'll be contacting you guys asap.",general_inquiry
"Claro aviso pode deixar , agradeço atenção !!!",general_inquiry
It's not my carrier. It's yours. Why then I have to take it up with them and as well not my fault when you are not connected with the customer success team and systems. This is Interesting,general_inquiry
"I did not receive my order. I missed original delivery, cust service called me and I opted for later delivery.No delivery arrived.",order_status
Oui ! Mes colis ont été mis dans des points relais n’importe où !!,general_inquiry
Pourtant c'était écrit Prime en dessous de l'article quand il était dans mon panier...,general_inquiry
If my comments improve ur service then must share it..,general_inquiry
Thank you ;),general_inquiry
I can't contact you by phone or chat at the link you provided because that's for I don't have an account there and don't live in the UK. Could you provide another option? I'm still getting his emails about every purchase.,account_issue
Okay. Tx. Wish to see it soon.,general_inquiry
"thanks DJ, that did allow me to play music now using spotify as if it was a bluetooth speaker but I was really hoping to link it for voice control, etc. Could it be that my wife is the echo account owner? I feel like that shouldn't have an effect tho...",general_inquiry
"This has become a joke, now. Only, I don't feel like laughing.",general_inquiry
pero ya se retiro el dinero del banco,general_inquiry
No nothing except confirmation that an investigation is going on... it’s month end.. all bill payments/payments for school trips/reminders were set up on phone etc... this has created so much extra work for me... that I don’t have the time for,billing_issue
Who decided to not pick it up today? I had to reinitiate the pick up. Now it’s changed. I won’t plan it again. U better get this sorted.,account_issue
It was supposed to be delivered to my office by 3pm. Office is closed for the holidays now!,order_status
"Called USPS for delivery info. Estimated hold time for the next representative is FIFTY MINUTES. As YOUR customer, I shouldn't be doing this",order_status
"Apparently it was 'delivered to resident at 3:33pm' yesterday (Th 30/11) -THIS IS AN OUTRIGHT LIE - no delivery, no card, nothing in the box we bought *specifically* for Amazon 'when we're out' (which we weren't) AND STILL NO NAPPIES (my poor baby!) Order: 205-4513111-9163526.",order_status
Didn't get any further update,account_issue
It’s now saying the package has been delivered but there’s nothing in the states location!,order_status
"Am gleichen Tag noch, sonderlich hilfreich war es jetzt auch nicht, Paket (durch den Feiertag) immer noch nicht da, das einzig ärgerliche jetzt ist natürlich, dass die Zustellungsdaten nicht aktualisiert werden. Seit Samstag keinerlei Infos.",general_inquiry
Gonna have to... thanks.,general_inquiry
I just said it's been sorted! I've been refunded! I'm just not impressed with the service any more.,refund_request
"Okay, obrigada pela dica 😉",general_inquiry
Tienen telefono?,general_inquiry
I was asked to wait 24hrs whilst you investigated. Replacement offered and said I’d receive an email about it which I haven’t had.,account_issue
"Nope. Was out for delivery by 9pm. Never came. Now just says ""new estimated delivery nov 2""",order_status
It was originally meant to be 28th and then changed to 29th and last night was changed again.,account_issue
"dal link per la segnalazione (e solo lì) aggiorna la data di consegna al 5 dicembre, mentre era prevista per il 29 novembre. da Piacenza a Milano (e secondo il tracking è arrivata a Milano la sera del 26) siamo nelle mani di #BRT #bartolini. Ma non esiste un servizio migliore?",order_status
Most #pethetic service right look at the time i am waiting since 2 days and guess wat I am a #primemember #badservice #refund,refund_request
Meu kindle e mais alguns livros \o/,general_inquiry
How do I go about closing my account?,general_inquiry
Thanks for solving my problem so fast! And at no extra costs. 5 stars!,general_inquiry
At the bottom it was mentioned- Did I solve your problem? I clicked NO and detailed the issue on the feedback portal.,escalation_required
Would just like to know what really happened with my original order and why I received 4 different responses from online chat cust. service.,general_inquiry
Already sent....,general_inquiry
"Not really and given the value of the item, I don’t want it left outside. I am just going in circles with no one actually providing any useful results.",general_inquiry
"Shocking again - didn’t show up yesterday; spoke to customers services, rebooked for today...no show again",general_inquiry
"Thanks, same thing though - It shows my orders, just not that one. I guess it's not eligible for feedback?",general_inquiry
Me acaba de llegar el pedido a la dirección que les facilité ayer a los de MRW. Gracias por todo.,general_inquiry
Hi I have tried this fix and the keyboard still doesn't appear at the bottom of the screen.,general_inquiry
あああ……いえ、今は指定時間少し過ぎてるだけなのでそこまで気にしてないです大丈夫です すみませんありがとうございます,general_inquiry
"Non, celle-ci sont pour les machines Nespresso. L’autre pour les machines Nescafé Dolce Gusto.",general_inquiry
Yes for some but now I have missed out on some of the Black Friday deal as they can’t be replaced :(,general_inquiry
I did online chat. After 2 people I was told I needed to wait 24 to 48 hours to hear back from the teen group.,general_inquiry
You need to improve your customer service. It’s slipping.,general_inquiry
Até dia 04! Só podia ter tido um desconto ein 😩,general_inquiry
"Je viens enfin de parler à un responsable chez vous qui va essayer d'intervenir chez Chronopost pour avoir le créneau qui me convient. Je croise les doigts, je suis désespérée et à bout de nerfs!",general_inquiry
12 hours after that shocking set. Appalling. I have already set up my Unattended Delivery Preferences - not adhered to!,order_status
ありがとうございます！！,general_inquiry
Also when will Amazon prime music be available for Indian users of Alexa?,order_status
Vocês já me ajudaram e muito ❤️,general_inquiry
"gracias no sabia. tengo una mala experiencia con Amazon o el transporte, soy la única perjudicada y me cobraron",general_inquiry
"You will see from the trail, I did that 6 days ago",general_inquiry
you've got to be better about this. It's ridiculous,general_inquiry
it's the South Park game on PS4 coming out next week. I actually am not sure I want it but I can't see its price or cancel it,refund_request
Già aperto in ascensore,general_inquiry
See for yourself,general_inquiry
"acabei de recebeer, amore. obrigado &lt;3 conta que o pedido esta em processamento",general_inquiry
"Thanks, but that doesn't help--it's a prime now order, so the main amazon page doesn't accept packaging or other feedback on it.",general_inquiry
pela amazon,general_inquiry
Is there any update??,account_issue
I dont want to change my order but will not accept. Order # 403-3917499-2913904,account_issue
"Thank you, I just couldn't figure out what to do with the codes I got, but Miss Natalia solved me the whole thing, I HOPE!",general_inquiry
"Yes, the date was confirmed today. Made the purchase at 8:17 am. Received an email after 3 saying it was delayed. Go figured. Maybe update the tracking?",order_status
"Spent over an hour on phone yesterday/today. ""Check back with us tomorrow"" been the response since last week.",account_issue
"Contacted cust svc chat was 1st told it would arrive by 9, later told slip was torn no attempt had been made thentold package was damanged",order_status
"This is probably the 3rd time it's been left outside with no note, not sure if it's the same carrier. No I have no set safe place for orders",general_inquiry
"Ce qui a de plus désolant, c'est surtout que ca arrive systématiquement avec Colis Privé. Arrêtez de traiter avec eux, ca ne peut pas continuer là...",order_status
Ok. I think I got it to work,general_inquiry
from just looking at the numerous tweets to your help service it seems that we are not the only ones experiencing issues in regards to delivery well lack of,escalation_required
Gleiche stand wie Montag nur das es da steht wird in kurze versendet 🙈😂,general_inquiry
"Sim...Kindle é puro amor!!! Estou lendo ""O Grande Herói"" de Marcus Luttrel e "" Conversando com C. S. Lewis"" de Alister McGrath. 😉",general_inquiry
Thank you for your assistance :),general_inquiry
"No, el problema es que no me han mandado nada con respecto al estatus de mi pedido. Pagué para envío, mañana es el día máximo de entrega.",order_status
"Yesterday November 29th. It left for delivery yesterday morning, 4hrs later it was back at amazon facility",order_status
. This is the same story which was telling by your team from last one month . Refurbished mobile delivered. Device dead,order_status
ご丁寧に有難うございます。自動更新の設定は済んでおります。ただ、自分はprimenow地域の拡大を待っていたため、希望とは違うタイミングで開始されたことに対し多大な不満があります。表示遅延で縦ズレの起きるスマホではワンクリックでの開始は控えて欲しかったです,general_inquiry
I have called already and spoken to the rep. This keeps repeating. Fire your courier managers in my locality,general_inquiry
Should I be concerned that it says my refund will be approved when they receive the returned item. My item was lost by amazon so it will prove difficult to get it back to them.,order_issue
Thank you. Why they couldn't just tell me this on the phone I don't know! 🙈,account_issue
If I don’t get it today can I get a refund on my one day shipping,refund_request
"And if they won't be able to get it for me, will I be able to cancel the exchange request and put a request for a refund in?",refund_request
I was not told any reason by UPS.,general_inquiry
Merci de l’info 😩,general_inquiry
"I have sent you the details. There is no question of refund now, I want my order completed. Get it?",refund_request
What shortly?? Only 2.5 hours remaining for delivery time over and it is impossible you to deliver my package at my door step better to use,order_status
"From I could barely understand they *might* send a replacement but I need to pay postage then claim it back - really? How that is helping me I don’t know. I’m really done filling in forms, phoning and your awful deliveries - stop throwing over the fence!",complaint
I've left the details at the suggest link. Hope someone can provide a clear answer about when will this order be delivered or an alternative solution.,order_status
"Tengo dos pedidos retrasados. No mucho, supongo que me llegarán entre hoy y mañana, pero es que antes funcionaba como un religión y de los últimos 4 pedidos, 3 se han retrasados.",general_inquiry
"I have tried to call customer service and the person did not have a clue what to do. I wish for the parcel to be redelivered, all that they wished to do was a refund or replacement. This is rubbish service. #rubbish #nocustomerservice.",order_status
lógico❤️,general_inquiry
"already filled last time when I twitted. You can check with twitter id , U will find a filled form. And call me on given number",general_inquiry
"Have u gone mad or you're making me mad, you won't deliver order, won't refund the amount and you doesn't act on complaint just ask to fill or tell details every time I contacted you. Not a single time I got a positive response Sir action taken, if asked it's against your policy",refund_request
"All of the items were in stock. If they aren't available to ship immediately, then maybe they shouldn't be offered on Prime.",product_info
I've emailed and called several times. Options included 'priority delivery' for Tuesday morning. It's Wednesday night.,order_status
"U pay for prime. You expect the befits of the membership. I ordered a package on the 25th, it still isn't here.",order_status
I have emailed from that link.,account_issue
j'ai reçu un mail pour me dire qu'une enquête était en cour et que le service s'engagé a me recontacter le 27/11/17. En attendant j'oublie mes 290€.,general_inquiry
"Yes, I received a message saying my payment was declined, which I immediately went on to my account to fix, as soon as I got the email.",billing_issue
Thanku Amazon,general_inquiry
I have no any mail reply from u please,general_inquiry
I needed the item by dec 1 promise date was nov 24. 4 times I requested a refund because item won’t be here until at least dec 5. No refund,refund_request
"in Einzelfällen ist völlig korrekt, aber nicht bei 4 Paketen in 2 Monaten, tut mir Leid, einmal ok, aber nicht vier Mal hintereinander!",general_inquiry
"C'est étrange car au début c'est écrit : ""Nous sommes ravis de vous rappeler que vous bénéficiez de Prime Vidéo grâce à votre abonnement Amazon Prime ..""",general_inquiry
Vendido y emviado por Amazon,general_inquiry
